"","uniqueid","island","site","transect","top_color","bowl_color","diptera","hemiptera","coleoptera","formicidae","apoidea","crabronidae","lepidoptera","blattodea","araneae","isoptera","partial","trichoptera","other","date traps out","date traps coll"
"1","Guam_Anao_L1","Guam","Anao","L1","b","y",0,0,1,0,0,0,0,0,0,0,0,0,0,2018-01-12,2018-01-15
"2","Guam_Anao_L1","Guam","Anao","L1","y","w",1,0,0,6,0,1,0,0,0,0,0,0,0,2018-01-12,2018-01-15
"3","Guam_Anao_L1","Guam","Anao","L1","y","b",0,0,0,5,0,0,0,0,0,0,0,0,0,2018-01-12,2018-01-15
"4","Guam_Anao_L1","Guam","Anao","L1","y","r",0,0,1,1,0,0,0,0,0,0,0,0,0,2018-01-12,2018-01-15
"5","Guam_Anao_L1","Guam","Anao","L1","w","b",0,0,0,0,0,0,0,0,0,0,0,0,0,2018-01-12,2018-01-15
"6","Guam_Anao_L1","Guam","Anao","L1","r","b",4,0,0,5,0,1,2,0,0,0,0,0,0,2018-01-12,2018-01-15
"7","Guam_Anao_L1","Guam","Anao","L1","w","y",0,0,0,1,0,3,0,0,0,0,0,0,0,2018-01-12,2018-01-15
"8","Guam_Anao_L1","Guam","Anao","L1","r","w",1,0,0,4,0,0,0,0,0,0,0,0,0,2018-01-12,2018-01-15
"9","Guam_Anao_L1","Guam","Anao","L1","b","b",0,0,1,1,0,0,0,0,0,0,0,0,0,2018-01-12,2018-01-15
"10","Guam_Anao_L1","Guam","Anao","L1","b","r",1,0,1,1,0,0,0,0,0,1,0,0,0,2018-01-12,2018-01-15
"11","Guam_Anao_L1","Guam","Anao","L1","b","w",0,0,0,0,0,0,0,0,0,0,0,0,0,2018-01-12,2018-01-15
"12","Guam_Anao_L1","Guam","Anao","L1","y","y",0,0,1,1,0,0,0,0,0,0,0,0,0,2018-01-12,2018-01-15
"13","Guam_Anao_L1","Guam","Anao","L1","w","w",1,0,0,2,2,0,1,0,0,0,0,0,0,2018-01-12,2018-01-15
"14","Guam_Anao_L1","Guam","Anao","L1","w","r",1,0,0,1,0,1,0,0,0,0,0,0,0,2018-01-12,2018-01-15
"15","Guam_Anao_L1","Guam","Anao","L1","r","r",6,0,1,1,3,0,2,0,1,0,0,0,0,2018-01-12,2018-01-15
"16","Guam_Anao_L1","Guam","Anao","L1","r","y",5,0,0,5,0,2,1,0,0,0,0,0,0,2018-01-12,2018-01-15
"17","Guam_Anao_L2","Guam","Anao","L2","b","y",0,0,0,1,0,0,0,0,1,0,0,0,0,2018-01-12,2018-01-15
"18","Guam_Anao_L2","Guam","Anao","L2","b","b",0,0,0,9,0,1,0,0,0,1,0,1,0,2018-01-12,2018-01-15
"19","Guam_Anao_L2","Guam","Anao","L2","r","b",0,0,0,0,0,0,0,0,0,0,0,0,0,2018-01-12,2018-01-15
"20","Guam_Anao_L2","Guam","Anao","L2","y","y",0,0,0,2,0,0,2,0,0,0,0,0,0,2018-01-12,2018-01-15
"21","Guam_Anao_L2","Guam","Anao","L2","b","r",0,0,0,2,0,0,0,0,0,0,0,0,0,2018-01-12,2018-01-15
"22","Guam_Anao_L2","Guam","Anao","L2","r","w",0,0,1,0,0,0,0,0,0,0,0,0,0,2018-01-12,2018-01-15
"23","Guam_Anao_L2","Guam","Anao","L2","w","y",1,0,0,2,0,1,0,0,0,0,0,0,0,2018-01-12,2018-01-15
"24","Guam_Anao_L2","Guam","Anao","L2","b","w",0,0,0,0,0,0,0,0,0,0,0,0,0,2018-01-12,2018-01-15
"25","Guam_Anao_L2","Guam","Anao","L2","y","b",0,0,0,0,0,0,0,0,0,0,0,0,0,2018-01-12,2018-01-15
"26","Guam_Anao_L2","Guam","Anao","L2","y","w",0,0,0,1,0,0,0,0,0,0,0,0,0,2018-01-12,2018-01-15
"27","Guam_Anao_L2","Guam","Anao","L2","w","r",1,0,1,1,0,0,0,0,0,0,0,0,0,2018-01-12,2018-01-15
"28","Guam_Anao_L2","Guam","Anao","L2","w","b",0,0,0,5,0,0,1,0,0,0,0,0,0,2018-01-12,2018-01-15
"29","Guam_Anao_L2","Guam","Anao","L2","r","y",0,0,0,0,0,0,0,0,0,0,0,0,0,2018-01-12,2018-01-15
"30","Guam_Anao_L2","Guam","Anao","L2","w","w",0,0,0,2,0,1,1,0,0,0,0,0,0,2018-01-12,2018-01-15
"31","Guam_Anao_L2","Guam","Anao","L2","r","r",0,0,1,0,0,0,0,0,0,0,0,0,0,2018-01-12,2018-01-15
"32","Guam_Anao_L2","Guam","Anao","L2","y","r",0,0,0,1,0,0,0,0,0,0,0,0,0,2018-01-12,2018-01-15
"33","Guam_Anao_L3","Guam","Anao","L3","y","y",0,0,1,0,0,0,0,0,0,0,0,0,0,2018-01-12,2018-01-15
"34","Guam_Anao_L3","Guam","Anao","L3","y","w",1,0,0,0,0,0,0,0,0,0,0,0,0,2018-01-12,2018-01-15
"35","Guam_Anao_L3","Guam","Anao","L3","y","b",1,0,0,0,0,0,0,0,0,0,0,0,0,2018-01-12,2018-01-15
"36","Guam_Anao_L3","Guam","Anao","L3","b","b",0,0,0,0,1,0,0,0,0,0,0,0,0,2018-01-12,2018-01-15
"37","Guam_Anao_L3","Guam","Anao","L3","r","r",0,0,0,1,0,0,0,0,0,0,0,0,0,2018-01-12,2018-01-15
"38","Guam_Anao_L3","Guam","Anao","L3","w","b",0,0,0,0,0,0,1,0,0,0,0,0,0,2018-01-12,2018-01-15
"39","Guam_Anao_L3","Guam","Anao","L3","y","r",0,0,0,0,0,0,0,0,0,0,0,0,0,2018-01-12,2018-01-15
"40","Guam_Anao_L3","Guam","Anao","L3","w","w",0,0,0,0,0,0,0,0,0,0,0,0,0,2018-01-12,2018-01-15
"41","Guam_Anao_L3","Guam","Anao","L3","w","y",0,0,0,0,0,0,0,0,0,0,0,0,0,2018-01-12,2018-01-15
"42","Guam_Anao_L3","Guam","Anao","L3","b","y",1,0,0,1,0,0,0,0,0,0,0,0,0,2018-01-12,2018-01-15
"43","Guam_Anao_L3","Guam","Anao","L3","b","r",0,0,1,0,0,0,0,0,0,0,0,0,0,2018-01-12,2018-01-15
"44","Guam_Anao_L3","Guam","Anao","L3","r","w",1,0,0,2,0,0,0,0,0,0,0,0,0,2018-01-12,2018-01-15
"45","Guam_Anao_L3","Guam","Anao","L3","r","y",0,0,0,1,0,0,1,0,0,0,0,0,0,2018-01-12,2018-01-15
"46","Guam_Anao_L3","Guam","Anao","L3","w","r",0,0,1,2,1,0,0,0,0,0,0,0,0,2018-01-12,2018-01-15
"47","Guam_Anao_L3","Guam","Anao","L3","r","b",0,0,0,0,0,0,0,0,0,0,0,0,0,2018-01-12,2018-01-15
"48","Guam_Anao_L3","Guam","Anao","L3","b","w",0,0,0,0,0,1,0,0,0,0,0,0,0,2018-01-12,2018-01-15
"49","Guam_Nblas_L1","Guam","Nblas","L1","r","r",0,0,0,0,0,0,0,0,0,0,0,0,0,2018-01-12,2018-01-15
"50","Guam_Nblas_L1","Guam","Nblas","L1","r","b",1,0,0,0,0,0,0,0,0,0,0,0,0,2018-01-12,2018-01-15
"51","Guam_Nblas_L1","Guam","Nblas","L1","r","y",0,0,0,3,0,0,0,0,0,0,0,0,0,2018-01-12,2018-01-15
"52","Guam_Nblas_L1","Guam","Nblas","L1","r","w",2,0,0,0,0,0,0,0,0,0,0,0,0,2018-01-12,2018-01-15
"53","Guam_Nblas_L1","Guam","Nblas","L1","b","r",0,0,0,1,0,0,0,0,0,0,0,0,0,2018-01-12,2018-01-15
"54","Guam_Nblas_L1","Guam","Nblas","L1","b","b",0,0,1,0,0,0,0,0,0,0,0,1,0,2018-01-12,2018-01-15
"55","Guam_Nblas_L1","Guam","Nblas","L1","b","y",1,0,0,0,0,0,0,0,0,0,0,0,0,2018-01-12,2018-01-15
"56","Guam_Nblas_L1","Guam","Nblas","L1","b","w",0,0,0,0,0,2,0,0,0,0,0,0,0,2018-01-12,2018-01-15
"57","Guam_Nblas_L1","Guam","Nblas","L1","y","r",1,0,0,0,0,0,0,0,0,0,0,0,0,2018-01-12,2018-01-15
"58","Guam_Nblas_L1","Guam","Nblas","L1","y","b",0,0,0,2,0,0,0,0,0,0,0,0,0,2018-01-12,2018-01-15
"59","Guam_Nblas_L1","Guam","Nblas","L1","y","y",0,1,0,0,0,0,0,0,0,0,0,0,0,2018-01-12,2018-01-15
"60","Guam_Nblas_L1","Guam","Nblas","L1","y","w",3,0,0,0,0,0,1,0,0,0,0,0,0,2018-01-12,2018-01-15
"61","Guam_Nblas_L1","Guam","Nblas","L1","w","r",0,0,0,3,0,0,0,0,0,0,0,0,0,2018-01-12,2018-01-15
"62","Guam_Nblas_L1","Guam","Nblas","L1","w","b",2,0,0,0,0,0,1,0,0,0,0,0,0,2018-01-12,2018-01-15
"63","Guam_Nblas_L1","Guam","Nblas","L1","w","y",0,0,0,1,0,0,0,0,0,0,0,0,0,2018-01-12,2018-01-15
"64","Guam_Nblas_L1","Guam","Nblas","L1","w","w",0,0,0,3,0,0,0,0,0,0,0,0,0,2018-01-12,2018-01-15
"65","Guam_Nblas_L2","Guam","Nblas","L2","r","y",3,0,0,1,0,0,0,0,0,0,0,0,0,2018-01-12,2018-01-15
"66","Guam_Nblas_L2","Guam","Nblas","L2","r","r",0,0,0,6,0,0,0,0,0,0,0,0,0,2018-01-12,2018-01-15
"67","Guam_Nblas_L2","Guam","Nblas","L2","r","w",4,0,1,15,0,0,1,0,2,1,0,0,0,2018-01-12,2018-01-15
"68","Guam_Nblas_L2","Guam","Nblas","L2","r","b",0,0,0,12,0,1,2,0,0,0,0,0,0,2018-01-12,2018-01-15
"69","Guam_Nblas_L2","Guam","Nblas","L2","w","b",1,0,0,0,0,0,0,0,0,0,0,0,0,2018-01-12,2018-01-15
"70","Guam_Nblas_L2","Guam","Nblas","L2","w","y",0,0,2,0,0,0,0,0,0,0,0,0,0,2018-01-12,2018-01-15
"71","Guam_Nblas_L2","Guam","Nblas","L2","w","w",0,0,0,0,0,0,0,0,0,0,0,0,0,2018-01-12,2018-01-15
"72","Guam_Nblas_L2","Guam","Nblas","L2","y","y",0,0,0,0,0,0,0,0,0,0,0,0,0,2018-01-12,2018-01-15
"73","Guam_Nblas_L2","Guam","Nblas","L2","w","r",0,0,0,1,1,1,0,0,0,0,0,0,0,2018-01-12,2018-01-15
"74","Guam_Nblas_L2","Guam","Nblas","L2","y","b",0,0,0,0,0,0,0,0,0,0,0,0,0,2018-01-12,2018-01-15
"75","Guam_Nblas_L2","Guam","Nblas","L2","y","w",0,0,0,0,0,0,0,0,0,0,0,0,0,2018-01-12,2018-01-15
"76","Guam_Nblas_L2","Guam","Nblas","L2","y","r",0,0,0,0,0,0,0,0,0,0,0,0,0,2018-01-12,2018-01-15
"77","Guam_Nblas_L2","Guam","Nblas","L2","b","w",0,0,1,1,0,1,0,0,0,0,0,0,0,2018-01-12,2018-01-15
"78","Guam_Nblas_L2","Guam","Nblas","L2","b","r",0,0,0,1,0,0,0,0,0,0,0,0,0,2018-01-12,2018-01-15
"79","Guam_Nblas_L2","Guam","Nblas","L2","b","b",0,0,0,0,0,0,0,0,0,0,1,0,0,2018-01-12,2018-01-15
"80","Guam_Nblas_L2","Guam","Nblas","L2","b","y",0,0,0,0,0,0,0,0,0,0,0,0,0,2018-01-12,2018-01-15
"81","Guam_Nblas_L3","Guam","Nblas","L3","r","r",1,0,0,1,1,0,0,0,0,0,1,0,0,2018-01-12,2018-01-15
"82","Guam_Nblas_L3","Guam","Nblas","L3","r","w",0,0,0,1,0,0,0,0,0,0,0,0,0,2018-01-12,2018-01-15
"83","Guam_Nblas_L3","Guam","Nblas","L3","r","b",0,0,1,1,0,0,0,0,0,0,0,0,0,2018-01-12,2018-01-15
"84","Guam_Nblas_L3","Guam","Nblas","L3","r","y",0,0,0,1,0,0,0,0,0,0,1,0,0,2018-01-12,2018-01-15
"85","Guam_Nblas_L3","Guam","Nblas","L3","w","r",0,0,0,0,0,0,0,0,0,0,0,0,0,2018-01-12,2018-01-15
"86","Guam_Nblas_L3","Guam","Nblas","L3","w","w",0,0,0,0,0,0,0,0,0,0,0,0,0,2018-01-12,2018-01-15
"87","Guam_Nblas_L3","Guam","Nblas","L3","w","b",0,0,0,7,0,0,1,0,0,0,0,0,0,2018-01-12,2018-01-15
"88","Guam_Nblas_L3","Guam","Nblas","L3","w","y",0,0,0,0,0,0,0,0,0,0,0,0,0,2018-01-12,2018-01-15
"89","Guam_Nblas_L3","Guam","Nblas","L3","y","r",0,0,0,1,0,0,0,0,0,0,0,0,0,2018-01-12,2018-01-15
"90","Guam_Nblas_L3","Guam","Nblas","L3","y","w",0,0,0,0,0,0,0,0,0,0,1,0,0,2018-01-12,2018-01-15
"91","Guam_Nblas_L3","Guam","Nblas","L3","y","b",0,0,0,1,0,0,0,0,0,0,0,0,0,2018-01-12,2018-01-15
"92","Guam_Nblas_L3","Guam","Nblas","L3","y","y",3,1,1,4,0,2,0,0,1,0,0,0,0,2018-01-12,2018-01-15
"93","Guam_Nblas_L3","Guam","Nblas","L3","b","r",0,0,0,0,0,0,0,0,0,0,0,0,0,2018-01-12,2018-01-15
"94","Guam_Nblas_L3","Guam","Nblas","L3","b","w",0,0,0,1,0,0,0,0,0,0,0,0,0,2018-01-12,2018-01-15
"95","Guam_Nblas_L3","Guam","Nblas","L3","b","b",0,0,0,0,0,0,0,0,0,0,0,0,0,2018-01-12,2018-01-15
"96","Guam_Nblas_L3","Guam","Nblas","L3","b","y",0,0,0,0,0,0,0,0,0,0,0,0,0,2018-01-12,2018-01-15
"97","Guam_Racetrack_L1","Guam","Racetrack","L1","w","w",0,0,0,0,0,0,0,0,0,0,0,0,0,2018-01-12,2018-01-15
"98","Guam_Racetrack_L1","Guam","Racetrack","L1","w","r",0,0,0,0,0,0,0,0,0,0,0,0,0,2018-01-12,2018-01-15
"99","Guam_Racetrack_L1","Guam","Racetrack","L1","w","y",0,0,0,0,0,0,0,0,0,0,0,0,0,2018-01-12,2018-01-15
"100","Guam_Racetrack_L1","Guam","Racetrack","L1","y","y",2,0,0,0,0,1,2,0,0,1,0,0,0,2018-01-12,2018-01-15
"101","Guam_Racetrack_L1","Guam","Racetrack","L1","w","b",0,0,0,0,0,0,0,0,1,0,0,0,0,2018-01-12,2018-01-15
"102","Guam_Racetrack_L1","Guam","Racetrack","L1","r","r",0,0,0,0,0,0,0,0,0,0,0,0,0,2018-01-12,2018-01-15
"103","Guam_Racetrack_L1","Guam","Racetrack","L1","r","y",1,0,1,0,0,0,1,0,0,0,0,0,0,2018-01-12,2018-01-15
"104","Guam_Racetrack_L1","Guam","Racetrack","L1","y","r",0,0,0,0,0,0,0,0,0,1,0,0,0,2018-01-12,2018-01-15
"105","Guam_Racetrack_L1","Guam","Racetrack","L1","b","r",2,0,0,6,0,0,0,0,1,0,0,0,0,2018-01-12,2018-01-15
"106","Guam_Racetrack_L1","Guam","Racetrack","L1","b","b",2,0,0,0,0,0,0,0,0,0,0,0,0,2018-01-12,2018-01-15
"107","Guam_Racetrack_L1","Guam","Racetrack","L1","r","b",0,0,0,3,0,0,0,0,0,0,0,0,0,2018-01-12,2018-01-15
"108","Guam_Racetrack_L1","Guam","Racetrack","L1","r","w",0,0,0,0,0,0,0,0,0,0,0,0,0,2018-01-12,2018-01-15
"109","Guam_Racetrack_L1","Guam","Racetrack","L1","y","w",4,0,0,4,0,2,0,0,1,4,0,0,0,2018-01-12,2018-01-15
"110","Guam_Racetrack_L1","Guam","Racetrack","L1","b","w",0,0,0,0,0,0,0,0,0,0,0,0,0,2018-01-12,2018-01-15
"111","Guam_Racetrack_L1","Guam","Racetrack","L1","b","b",0,0,0,0,0,0,0,0,0,0,0,0,0,2018-01-12,2018-01-15
"112","Guam_Racetrack_L1","Guam","Racetrack","L1","y","b",2,0,1,1,0,1,1,0,0,1,0,0,0,2018-01-12,2018-01-15
"113","Guam_Racetrack_L2","Guam","Racetrack","L2","r","w",0,0,0,0,0,0,0,0,0,0,0,0,0,2018-01-12,2018-01-15
"114","Guam_Racetrack_L2","Guam","Racetrack","L2","b","y",2,0,0,3,0,0,0,0,0,0,0,0,0,2018-01-12,2018-01-15
"115","Guam_Racetrack_L2","Guam","Racetrack","L2","b","b",0,0,0,1,0,0,0,0,0,0,0,0,0,2018-01-12,2018-01-15
"116","Guam_Racetrack_L2","Guam","Racetrack","L2","b","r",2,0,0,0,0,2,0,0,0,0,0,0,0,2018-01-12,2018-01-15
"117","Guam_Racetrack_L2","Guam","Racetrack","L2","b","w",1,0,0,2,0,0,0,0,0,0,0,0,0,2018-01-12,2018-01-15
"118","Guam_Racetrack_L2","Guam","Racetrack","L2","y","y",16,0,0,1,0,0,0,0,1,2,0,0,0,2018-01-12,2018-01-15
"119","Guam_Racetrack_L2","Guam","Racetrack","L2","y","r",4,0,0,6,0,1,2,0,1,1,0,0,0,2018-01-12,2018-01-15
"120","Guam_Racetrack_L2","Guam","Racetrack","L2","y","w",4,0,1,2,0,1,0,0,0,0,0,0,0,2018-01-12,2018-01-15
"121","Guam_Racetrack_L2","Guam","Racetrack","L2","y","b",2,0,0,2,0,1,2,0,0,0,0,0,0,2018-01-12,2018-01-15
"122","Guam_Racetrack_L2","Guam","Racetrack","L2","w","r",4,0,0,0,0,1,1,0,0,0,0,0,0,2018-01-12,2018-01-15
"123","Guam_Racetrack_L2","Guam","Racetrack","L2","w","w",7,0,0,4,0,1,0,0,0,0,0,0,0,2018-01-12,2018-01-15
"124","Guam_Racetrack_L2","Guam","Racetrack","L2","w","b",0,0,0,2,0,0,1,0,1,0,0,0,0,2018-01-12,2018-01-15
"125","Guam_Racetrack_L2","Guam","Racetrack","L2","w","y",6,0,1,2,1,1,5,0,1,0,0,0,0,2018-01-12,2018-01-15
"126","Guam_Racetrack_L2","Guam","Racetrack","L2","r","y",1,0,0,0,0,0,1,0,0,0,0,0,0,2018-01-12,2018-01-15
"127","Guam_Racetrack_L2","Guam","Racetrack","L2","r","b",2,0,0,0,0,0,1,0,0,0,0,0,0,2018-01-12,2018-01-15
"128","Guam_Racetrack_L2","Guam","Racetrack","L2","r","r",0,0,0,0,0,0,0,0,0,0,0,0,0,2018-01-12,2018-01-15
"129","Guam_Racetrack_L3","Guam","Racetrack","L3","r","r",0,0,0,1,0,0,0,0,0,0,0,0,0,2018-01-12,2018-01-15
"130","Guam_Racetrack_L3","Guam","Racetrack","L3","r","y",0,0,0,2,0,1,0,0,0,1,0,0,0,2018-01-12,2018-01-15
"131","Guam_Racetrack_L3","Guam","Racetrack","L3","y","r",0,0,0,1,0,0,0,0,0,0,0,0,0,2018-01-12,2018-01-15
"132","Guam_Racetrack_L3","Guam","Racetrack","L3","y","w",0,0,0,1,0,2,0,0,0,0,0,0,0,2018-01-12,2018-01-15
"133","Guam_Racetrack_L3","Guam","Racetrack","L3","y","b",0,0,0,0,0,0,1,0,0,0,0,0,0,2018-01-12,2018-01-15
"134","Guam_Racetrack_L3","Guam","Racetrack","L3","y","y",0,0,0,4,5,0,0,0,0,0,0,0,1,2018-01-12,2018-01-15
"135","Guam_Racetrack_L3","Guam","Racetrack","L3","w","b",0,0,0,1,0,0,0,0,0,0,0,0,0,2018-01-12,2018-01-15
"136","Guam_Racetrack_L3","Guam","Racetrack","L3","w","y",3,0,0,0,0,2,0,0,0,0,0,1,0,2018-01-12,2018-01-15
"137","Guam_Racetrack_L3","Guam","Racetrack","L3","b","b",1,0,0,1,0,1,1,0,2,0,0,0,0,2018-01-12,2018-01-15
"138","Guam_Racetrack_L3","Guam","Racetrack","L3","b","r",0,0,0,0,0,0,0,0,0,0,0,0,0,2018-01-12,2018-01-15
"139","Guam_Racetrack_L3","Guam","Racetrack","L3","b","w",3,0,0,5,1,2,1,0,1,0,0,0,0,2018-01-12,2018-01-15
"140","Guam_Racetrack_L3","Guam","Racetrack","L3","b","y",2,0,0,17,1,2,0,0,0,0,0,1,0,2018-01-12,2018-01-15
"141","Guam_Racetrack_L3","Guam","Racetrack","L3","w","w",0,0,0,0,0,0,0,0,0,0,0,0,0,2018-01-12,2018-01-15
"142","Guam_Racetrack_L3","Guam","Racetrack","L3","w","r",0,0,0,1,0,0,0,0,0,0,0,0,1,2018-01-12,2018-01-15
"143","Guam_Racetrack_L3","Guam","Racetrack","L3","r","b",1,0,0,4,0,0,0,0,1,1,0,1,0,2018-01-12,2018-01-15
"144","Guam_Racetrack_L3","Guam","Racetrack","L3","r","w",0,0,0,3,0,0,0,0,0,0,0,0,0,2018-01-12,2018-01-15
"145","Guam_Riti_L1","Guam","Riti","L1","w","b",0,0,1,0,0,0,0,0,0,0,0,0,0,2018-01-12,2018-01-15
"146","Guam_Riti_L1","Guam","Riti","L1","w","y",0,0,0,2,0,1,0,0,0,1,0,0,0,2018-01-12,2018-01-15
"147","Guam_Riti_L1","Guam","Riti","L1","y","y",1,0,0,1,0,1,1,0,0,0,3,0,0,2018-01-12,2018-01-15
"148","Guam_Riti_L1","Guam","Riti","L1","r","b",0,0,0,0,0,1,0,0,0,1,0,0,0,2018-01-12,2018-01-15
"149","Guam_Riti_L1","Guam","Riti","L1","r","y",0,0,0,1,0,0,0,0,0,0,1,0,0,2018-01-12,2018-01-15
"150","Guam_Riti_L1","Guam","Riti","L1","y","b",0,0,0,0,0,0,0,0,0,0,0,0,0,2018-01-12,2018-01-15
"151","Guam_Riti_L1","Guam","Riti","L1","y","w",0,0,1,1,1,0,0,0,0,0,0,0,0,2018-01-12,2018-01-15
"152","Guam_Riti_L1","Guam","Riti","L1","w","r",0,0,1,0,0,0,0,0,0,0,1,0,0,2018-01-12,2018-01-15
"153","Guam_Riti_L1","Guam","Riti","L1","b","y",0,0,0,0,0,0,0,0,0,0,0,0,0,2018-01-12,2018-01-15
"154","Guam_Riti_L1","Guam","Riti","L1","r","w",0,0,0,0,0,0,0,0,0,0,0,0,0,2018-01-12,2018-01-15
"155","Guam_Riti_L1","Guam","Riti","L1","b","r",0,0,0,1,0,0,0,0,0,2,0,0,0,2018-01-12,2018-01-15
"156","Guam_Riti_L1","Guam","Riti","L1","b","b",0,0,0,0,0,0,0,0,0,0,0,0,0,2018-01-12,2018-01-15
"157","Guam_Riti_L1","Guam","Riti","L1","y","r",0,0,0,3,0,0,0,0,0,0,0,0,0,2018-01-12,2018-01-15
"158","Guam_Riti_L1","Guam","Riti","L1","b","w",0,0,0,0,0,0,0,0,0,0,0,0,0,2018-01-12,2018-01-15
"159","Guam_Riti_L1","Guam","Riti","L1","w","w",0,0,0,0,0,0,0,0,0,0,0,0,0,2018-01-12,2018-01-15
"160","Guam_Riti_L1","Guam","Riti","L1","r","r",0,0,0,0,0,0,0,0,0,0,3,0,0,2018-01-12,2018-01-15
"161","Guam_Riti_L2","Guam","Riti","L2","y","y",0,0,0,0,0,0,0,0,0,0,0,0,0,2018-01-12,2018-01-15
"162","Guam_Riti_L2","Guam","Riti","L2","w","r",0,0,0,1,0,0,0,0,0,1,0,0,0,2018-01-12,2018-01-15
"163","Guam_Riti_L2","Guam","Riti","L2","w","w",0,0,0,1,0,0,0,0,0,0,0,0,0,2018-01-12,2018-01-15
"164","Guam_Riti_L2","Guam","Riti","L2","w","b",0,0,0,0,0,1,0,0,0,3,0,0,0,2018-01-12,2018-01-15
"165","Guam_Riti_L2","Guam","Riti","L2","b","w",0,0,1,1,0,0,0,0,0,0,0,0,0,2018-01-12,2018-01-15
"166","Guam_Riti_L2","Guam","Riti","L2","b","r",0,0,0,0,0,0,0,0,0,0,0,0,0,2018-01-12,2018-01-15
"167","Guam_Riti_L2","Guam","Riti","L2","w","y",0,0,0,0,0,1,0,0,0,0,0,0,0,2018-01-12,2018-01-15
"168","Guam_Riti_L2","Guam","Riti","L2","b","b",0,0,0,0,0,0,0,0,0,1,0,0,0,2018-01-12,2018-01-15
"169","Guam_Riti_L2","Guam","Riti","L2","b","y",0,0,0,0,0,0,0,0,0,0,0,0,0,2018-01-12,2018-01-15
"170","Guam_Riti_L2","Guam","Riti","L2","y","w",0,0,0,0,0,0,0,0,0,0,0,0,0,2018-01-12,2018-01-15
"171","Guam_Riti_L2","Guam","Riti","L2","r","r",0,0,0,0,0,0,0,0,0,0,0,0,0,2018-01-12,2018-01-15
"172","Guam_Riti_L2","Guam","Riti","L2","y","r",0,0,0,0,0,0,0,0,0,0,0,0,0,2018-01-12,2018-01-15
"173","Guam_Riti_L2","Guam","Riti","L2","y","b",0,0,0,1,0,0,0,0,0,1,0,0,0,2018-01-12,2018-01-15
"174","Guam_Riti_L2","Guam","Riti","L2","r","w",0,0,0,0,0,0,0,0,0,1,0,0,0,2018-01-12,2018-01-15
"175","Guam_Riti_L2","Guam","Riti","L2","r","y",0,0,0,0,0,0,0,0,0,0,0,0,0,2018-01-12,2018-01-15
"176","Guam_Riti_L2","Guam","Riti","L2","r","b",0,0,0,2,0,1,0,0,0,0,1,0,0,2018-01-12,2018-01-15
"177","Guam_Riti_L3","Guam","Riti","L3","r","r",0,0,0,0,0,0,2,0,0,0,0,0,0,2018-01-12,2018-01-15
"178","Guam_Riti_L3","Guam","Riti","L3","y","r",0,0,0,0,0,0,0,0,0,0,0,0,0,2018-01-12,2018-01-15
"179","Guam_Riti_L3","Guam","Riti","L3","b","r",1,0,2,0,0,0,0,0,0,0,1,0,0,2018-01-12,2018-01-15
"180","Guam_Riti_L3","Guam","Riti","L3","b","y",0,1,0,1,0,1,0,0,0,1,0,0,0,2018-01-12,2018-01-15
"181","Guam_Riti_L3","Guam","Riti","L3","r","w",0,0,0,0,0,0,0,0,0,0,1,0,0,2018-01-12,2018-01-15
"182","Guam_Riti_L3","Guam","Riti","L3","y","w",0,0,0,0,0,0,0,0,0,0,0,0,0,2018-01-12,2018-01-15
"183","Guam_Riti_L3","Guam","Riti","L3","b","w",0,0,0,4,0,0,0,0,0,0,0,0,0,2018-01-12,2018-01-15
"184","Guam_Riti_L3","Guam","Riti","L3","b","b",0,0,0,0,0,0,0,0,0,1,0,0,0,2018-01-12,2018-01-15
"185","Guam_Riti_L3","Guam","Riti","L3","r","b",0,0,0,1,0,0,0,0,0,0,0,0,0,2018-01-12,2018-01-15
"186","Guam_Riti_L3","Guam","Riti","L3","y","b",0,0,0,0,0,0,0,0,0,0,3,0,0,2018-01-12,2018-01-15
"187","Guam_Riti_L3","Guam","Riti","L3","w","r",0,0,0,0,1,0,1,0,0,14,0,0,0,2018-01-12,2018-01-15
"188","Guam_Riti_L3","Guam","Riti","L3","w","b",0,0,0,1,0,0,0,0,0,11,0,0,0,2018-01-12,2018-01-15
"189","Guam_Riti_L3","Guam","Riti","L3","r","y",0,0,0,0,0,0,0,0,0,0,0,0,0,2018-01-12,2018-01-15
"190","Guam_Riti_L3","Guam","Riti","L3","y","y",0,0,0,0,0,0,1,0,0,0,3,0,0,2018-01-12,2018-01-15
"191","Guam_Riti_L3","Guam","Riti","L3","w","w",0,0,1,0,0,0,0,0,0,0,0,0,0,2018-01-12,2018-01-15
"192","Guam_Riti_L3","Guam","Riti","L3","w","y",0,0,0,0,0,0,1,0,0,3,0,0,0,2018-01-12,2018-01-15
"193","Guam_Sblas_L1","Guam","Sblas","L1","b","b",0,0,0,2,0,0,0,0,0,0,0,0,0,2018-01-12,2018-01-15
"194","Guam_Sblas_L1","Guam","Sblas","L1","y","y",2,0,0,2,0,0,0,0,0,0,0,0,1,2018-01-12,2018-01-15
"195","Guam_Sblas_L1","Guam","Sblas","L1","b","b",0,0,0,0,0,0,1,0,0,0,0,0,0,2018-01-12,2018-01-15
"196","Guam_Sblas_L1","Guam","Sblas","L1","b","y",0,0,0,0,0,0,0,0,0,0,0,0,0,2018-01-12,2018-01-15
"197","Guam_Sblas_L1","Guam","Sblas","L1","b","w",1,0,0,2,0,0,0,0,0,0,0,0,0,2018-01-12,2018-01-15
"198","Guam_Sblas_L1","Guam","Sblas","L1","b","r",1,0,0,0,0,0,0,0,1,0,0,0,0,2018-01-12,2018-01-15
"199","Guam_Sblas_L1","Guam","Sblas","L1","w","y",0,0,0,5,0,0,0,0,0,0,0,0,0,2018-01-12,2018-01-15
"200","Guam_Sblas_L1","Guam","Sblas","L1","y","y",0,0,0,0,0,0,0,0,0,0,0,0,0,2018-01-12,2018-01-15
"201","Guam_Sblas_L1","Guam","Sblas","L1","w","b",0,0,1,5,0,0,0,0,0,0,0,0,0,2018-01-12,2018-01-15
"202","Guam_Sblas_L1","Guam","Sblas","L1","r","b",0,0,0,0,0,0,0,0,0,0,0,0,0,2018-01-12,2018-01-15
"203","Guam_Sblas_L1","Guam","Sblas","L1","w","r",1,0,0,15,0,0,2,0,0,0,0,0,0,2018-01-12,2018-01-15
"204","Guam_Sblas_L1","Guam","Sblas","L1","y","b",1,0,0,0,0,0,0,0,1,0,0,0,0,2018-01-12,2018-01-15
"205","Guam_Sblas_L1","Guam","Sblas","L1","r","r",0,0,0,0,0,0,0,0,0,0,0,0,0,2018-01-12,2018-01-15
"206","Guam_Sblas_L1","Guam","Sblas","L1","r","w",0,0,0,0,0,0,0,0,0,0,0,0,0,2018-01-12,2018-01-15
"207","Guam_Sblas_L1","Guam","Sblas","L1","y","r",1,0,0,1,0,0,1,0,0,0,0,0,0,2018-01-12,2018-01-15
"208","Guam_Sblas_L1","Guam","Sblas","L1","y","w",0,0,0,0,0,0,0,0,0,0,0,0,0,2018-01-12,2018-01-15
"209","Guam_Sblas_L1","Guam","Sblas","L1","r","y",0,0,0,0,0,0,0,0,0,0,0,0,0,2018-01-12,2018-01-15
"210","Guam_Sblas_L1","Guam","Sblas","L1","w","w",0,0,0,0,0,0,0,0,0,0,0,0,0,2018-01-12,2018-01-15
"211","Guam_Sblas_L2","Guam","Sblas","L2","r","y",0,0,0,0,0,0,0,0,0,0,0,0,0,2018-01-12,2018-01-15
"212","Guam_Sblas_L2","Guam","Sblas","L2","r","b",0,0,0,0,0,0,0,0,0,0,0,0,0,2018-01-12,2018-01-15
"213","Guam_Sblas_L2","Guam","Sblas","L2","r","w",0,0,0,2,0,0,0,0,0,0,0,0,0,2018-01-12,2018-01-15
"214","Guam_Sblas_L2","Guam","Sblas","L2","r","r",0,0,0,0,0,0,0,0,0,0,0,0,0,2018-01-12,2018-01-15
"215","Guam_Sblas_L2","Guam","Sblas","L2","w","y",0,0,0,0,0,0,0,0,0,0,0,0,0,2018-01-12,2018-01-15
"216","Guam_Sblas_L2","Guam","Sblas","L2","w","b",0,0,0,0,0,0,0,0,0,0,0,0,0,2018-01-12,2018-01-15
"217","Guam_Sblas_L2","Guam","Sblas","L2","w","w",0,0,0,0,0,0,0,0,0,0,0,0,0,2018-01-12,2018-01-15
"218","Guam_Sblas_L2","Guam","Sblas","L2","b","y",0,0,0,2,0,0,0,0,0,0,0,0,0,2018-01-12,2018-01-15
"219","Guam_Sblas_L2","Guam","Sblas","L2","w","r",0,0,0,0,0,0,0,0,0,0,0,0,0,2018-01-12,2018-01-15
"220","Guam_Sblas_L2","Guam","Sblas","L2","b","w",0,0,0,1,0,0,0,0,0,0,0,0,0,2018-01-12,2018-01-15
"221","Guam_Sblas_L2","Guam","Sblas","L2","b","b",0,0,1,2,0,0,0,0,0,0,0,0,0,2018-01-12,2018-01-15
"222","Guam_Sblas_L2","Guam","Sblas","L2","b","r",0,0,0,1,0,0,0,0,0,0,0,0,0,2018-01-12,2018-01-15
"223","Guam_Sblas_L2","Guam","Sblas","L2","y","y",0,0,0,0,0,0,0,0,0,0,0,0,0,2018-01-12,2018-01-15
"224","Guam_Sblas_L2","Guam","Sblas","L2","y","b",0,0,0,0,0,0,0,0,0,1,0,0,0,2018-01-12,2018-01-15
"225","Guam_Sblas_L2","Guam","Sblas","L2","y","w",0,0,0,0,0,0,0,0,0,0,0,0,0,2018-01-12,2018-01-15
"226","Guam_Sblas_L2","Guam","Sblas","L2","y","r",0,0,0,0,0,0,0,0,0,0,0,0,0,2018-01-12,2018-01-15
"227","Guam_Sblas_L3","Guam","Sblas","L3","w","w",0,0,0,0,0,0,0,0,0,0,0,0,0,2018-01-12,2018-01-15
"228","Guam_Sblas_L3","Guam","Sblas","L3","r","y",0,0,0,1,0,0,0,0,0,0,0,0,0,2018-01-12,2018-01-15
"229","Guam_Sblas_L3","Guam","Sblas","L3","r","r",1,0,0,4,0,0,0,0,0,0,0,0,0,2018-01-12,2018-01-15
"230","Guam_Sblas_L3","Guam","Sblas","L3","r","w",1,0,0,4,0,0,0,0,0,0,0,0,1,2018-01-12,2018-01-15
"231","Guam_Sblas_L3","Guam","Sblas","L3","r","b",0,0,0,0,0,0,0,0,0,0,0,0,0,2018-01-12,2018-01-15
"232","Guam_Sblas_L3","Guam","Sblas","L3","y","b",0,0,0,0,0,0,0,0,0,0,0,0,0,2018-01-12,2018-01-15
"233","Guam_Sblas_L3","Guam","Sblas","L3","y","y",0,0,0,0,0,0,0,0,0,0,0,0,0,2018-01-12,2018-01-15
"234","Guam_Sblas_L3","Guam","Sblas","L3","w","r",1,1,1,0,0,0,0,0,0,0,0,0,0,2018-01-12,2018-01-15
"235","Guam_Sblas_L3","Guam","Sblas","L3","w","b",2,0,2,1,0,1,1,0,0,0,0,0,0,2018-01-12,2018-01-15
"236","Guam_Sblas_L3","Guam","Sblas","L3","w","y",5,0,1,3,1,2,5,0,0,0,0,0,0,2018-01-12,2018-01-15
"237","Guam_Sblas_L3","Guam","Sblas","L3","y","w",0,0,0,0,0,0,0,0,0,0,0,0,0,2018-01-12,2018-01-15
"238","Guam_Sblas_L3","Guam","Sblas","L3","b","y",0,0,0,0,0,0,0,0,0,0,0,0,0,2018-01-12,2018-01-15
"239","Guam_Sblas_L3","Guam","Sblas","L3","b","r",0,0,0,0,0,0,0,0,0,0,0,0,0,2018-01-12,2018-01-15
"240","Guam_Sblas_L3","Guam","Sblas","L3","b","w",0,0,0,0,0,0,0,0,0,0,0,0,0,2018-01-12,2018-01-15
"241","Guam_Sblas_L3","Guam","Sblas","L3","b","b",0,0,0,0,0,0,0,0,0,0,0,0,0,2018-01-12,2018-01-15
"242","Guam_Sblas_L3","Guam","Sblas","L3","y","r",0,0,0,0,0,0,0,0,0,0,0,0,0,2018-01-12,2018-01-15
"243","Saipan_ForbiA_L1","Saipan","ForbiA","L1","b","w",1,0,0,0,1,1,1,0,0,0,0,0,0,2018-01-17,2018-01-20
"244","Saipan_ForbiA_L1","Saipan","ForbiA","L1","y","y",1,0,0,0,0,0,0,0,0,0,0,0,0,2018-01-17,2018-01-20
"245","Saipan_ForbiA_L1","Saipan","ForbiA","L1","y","r",NA,1,0,0,0,0,0,0,0,0,0,0,0,2018-01-17,2018-01-20
"246","Saipan_ForbiA_L1","Saipan","ForbiA","L1","r","r",2,0,1,0,1,1,3,0,0,0,0,0,0,2018-01-17,2018-01-20
"247","Saipan_ForbiA_L1","Saipan","ForbiA","L1","r","w",2,0,1,1,2,0,3,0,0,0,0,0,0,2018-01-17,2018-01-20
"248","Saipan_ForbiA_L1","Saipan","ForbiA","L1","b","y",6,0,0,0,0,0,2,0,0,0,0,0,0,2018-01-17,2018-01-20
"249","Saipan_ForbiA_L1","Saipan","ForbiA","L1","w","r",2,0,0,0,1,0,3,0,0,0,0,0,0,2018-01-17,2018-01-20
"250","Saipan_ForbiA_L1","Saipan","ForbiA","L1","b","b",NA,0,0,0,0,0,1,0,0,0,0,0,0,2018-01-17,2018-01-20
"251","Saipan_ForbiA_L1","Saipan","ForbiA","L1","b","r",NA,0,0,0,0,0,4,0,1,0,0,0,0,2018-01-17,2018-01-20
"252","Saipan_ForbiA_L1","Saipan","ForbiA","L1","w","y",NA,0,0,0,0,0,0,0,0,0,0,0,0,2018-01-17,2018-01-20
"253","Saipan_ForbiA_L1","Saipan","ForbiA","L1","w","w",6,1,0,0,1,0,4,0,0,0,0,1,0,2018-01-17,2018-01-20
"254","Saipan_ForbiA_L1","Saipan","ForbiA","L1","y","b",2,0,0,0,0,0,1,0,0,0,0,1,0,2018-01-17,2018-01-20
"255","Saipan_ForbiA_L1","Saipan","ForbiA","L1","w","b",NA,1,0,1,1,1,1,0,0,0,0,0,0,2018-01-17,2018-01-20
"256","Saipan_ForbiA_L1","Saipan","ForbiA","L1","r","y",1,1,0,0,0,0,2,0,0,0,0,0,0,2018-01-17,2018-01-20
"257","Saipan_ForbiA_L1","Saipan","ForbiA","L1","y","w",NA,0,0,0,0,0,1,0,0,0,0,0,0,2018-01-17,2018-01-20
"258","Saipan_ForbiA_L1","Saipan","ForbiA","L1","r","b",2,0,0,1,0,0,0,0,0,0,0,0,0,2018-01-17,2018-01-20
"259","Saipan_ForbiA_L2","Saipan","ForbiA","L2","y","b",1,0,0,0,2,1,1,0,0,0,0,0,0,2018-01-17,2018-01-20
"260","Saipan_ForbiA_L2","Saipan","ForbiA","L2","y","y",7,2,0,3,0,1,3,0,0,0,0,0,0,2018-01-17,2018-01-20
"261","Saipan_ForbiA_L2","Saipan","ForbiA","L2","y","w",7,2,0,0,0,1,0,0,0,0,0,0,0,2018-01-17,2018-01-20
"262","Saipan_ForbiA_L2","Saipan","ForbiA","L2","y","r",0,0,0,0,0,0,4,0,0,0,0,0,0,2018-01-17,2018-01-20
"263","Saipan_ForbiA_L2","Saipan","ForbiA","L2","b","y",15,5,1,0,1,1,3,0,0,0,0,0,0,2018-01-17,2018-01-20
"264","Saipan_ForbiA_L2","Saipan","ForbiA","L2","b","b",2,0,1,1,0,0,3,0,0,0,0,0,0,2018-01-17,2018-01-20
"265","Saipan_ForbiA_L2","Saipan","ForbiA","L2","b","w",4,0,0,0,1,0,0,0,0,0,0,0,0,2018-01-17,2018-01-20
"266","Saipan_ForbiA_L2","Saipan","ForbiA","L2","b","r",2,1,0,1,0,1,3,0,0,0,0,0,0,2018-01-17,2018-01-20
"267","Saipan_ForbiA_L2","Saipan","ForbiA","L2","w","y",4,0,2,2,3,0,5,0,1,0,0,1,0,2018-01-17,2018-01-20
"268","Saipan_ForbiA_L2","Saipan","ForbiA","L2","w","b",1,1,0,1,2,0,3,0,1,0,0,0,0,2018-01-17,2018-01-20
"269","Saipan_ForbiA_L2","Saipan","ForbiA","L2","w","w",4,0,0,1,2,2,2,0,0,0,0,0,0,2018-01-17,2018-01-20
"270","Saipan_ForbiA_L2","Saipan","ForbiA","L2","w","r",1,0,1,1,2,0,7,0,0,0,0,0,0,2018-01-17,2018-01-20
"271","Saipan_ForbiA_L2","Saipan","ForbiA","L2","r","y",6,1,1,2,1,0,6,0,0,0,0,0,0,2018-01-17,2018-01-20
"272","Saipan_ForbiA_L2","Saipan","ForbiA","L2","r","b",3,0,0,0,0,0,6,0,0,0,0,0,0,2018-01-17,2018-01-20
"273","Saipan_ForbiA_L2","Saipan","ForbiA","L2","r","w",6,0,0,1,0,0,2,0,0,0,0,0,0,2018-01-17,2018-01-20
"274","Saipan_ForbiA_L2","Saipan","ForbiA","L2","r","r",2,0,1,0,0,0,5,0,0,0,0,0,0,2018-01-17,2018-01-20
"275","Saipan_ForbiA_L3","Saipan","ForbiA","L3","r","y",3,0,0,0,2,0,0,0,0,0,0,0,0,2018-01-17,2018-01-20
"276","Saipan_ForbiA_L3","Saipan","ForbiA","L3","r","b",5,0,0,0,0,0,0,0,0,0,0,0,0,2018-01-17,2018-01-20
"277","Saipan_ForbiA_L3","Saipan","ForbiA","L3","r","w",4,1,2,0,0,0,0,1,0,0,0,0,0,2018-01-17,2018-01-20
"278","Saipan_ForbiA_L3","Saipan","ForbiA","L3","r","r",5,1,0,0,0,1,0,0,0,0,0,0,0,2018-01-17,2018-01-20
"279","Saipan_ForbiA_L3","Saipan","ForbiA","L3","w","y",1,1,0,0,3,0,0,0,0,0,0,0,0,2018-01-17,2018-01-20
"280","Saipan_ForbiA_L3","Saipan","ForbiA","L3","w","b",1,1,1,0,0,0,0,0,0,0,0,0,0,2018-01-17,2018-01-20
"281","Saipan_ForbiA_L3","Saipan","ForbiA","L3","w","w",2,0,0,0,1,0,0,0,0,0,0,0,0,2018-01-17,2018-01-20
"282","Saipan_ForbiA_L3","Saipan","ForbiA","L3","b","y",8,0,0,0,1,0,0,0,0,0,0,0,0,2018-01-17,2018-01-20
"283","Saipan_ForbiA_L3","Saipan","ForbiA","L3","w","r",1,1,1,0,1,0,2,0,0,0,0,0,0,2018-01-17,2018-01-20
"284","Saipan_ForbiA_L3","Saipan","ForbiA","L3","b","w",7,0,2,0,2,11,0,1,0,0,0,0,0,2018-01-17,2018-01-20
"285","Saipan_ForbiA_L3","Saipan","ForbiA","L3","b","b",2,1,0,0,0,0,1,0,0,0,0,0,0,2018-01-17,2018-01-20
"286","Saipan_ForbiA_L3","Saipan","ForbiA","L3","b","r",1,1,1,0,0,0,0,0,0,0,0,0,0,2018-01-17,2018-01-20
"287","Saipan_ForbiA_L3","Saipan","ForbiA","L3","y","y",1,0,0,0,3,0,3,0,0,0,0,1,0,2018-01-17,2018-01-20
"288","Saipan_ForbiA_L3","Saipan","ForbiA","L3","y","b",1,1,1,1,0,0,0,0,0,0,0,0,0,2018-01-17,2018-01-20
"289","Saipan_ForbiA_L3","Saipan","ForbiA","L3","y","w",4,0,0,1,2,0,3,0,1,0,0,0,0,2018-01-17,2018-01-20
"290","Saipan_ForbiA_L3","Saipan","ForbiA","L3","y","r",3,1,0,0,0,0,0,0,0,0,1,0,0,2018-01-17,2018-01-20
"291","Saipan_ForbiGrid_L1","Saipan","ForbiGrid","L1","y","b",4,10,0,0,5,0,0,0,0,1,0,7,0,2018-01-17,2018-01-20
"292","Saipan_ForbiGrid_L1","Saipan","ForbiGrid","L1","y","y",7,52,0,0,20,0,0,0,3,0,0,9,0,2018-01-17,2018-01-20
"293","Saipan_ForbiGrid_L1","Saipan","ForbiGrid","L1","y","w",11,1,1,0,4,0,2,0,0,0,0,0,0,2018-01-17,2018-01-20
"294","Saipan_ForbiGrid_L1","Saipan","ForbiGrid","L1","b","w",16,11,0,0,3,1,6,0,0,0,0,0,0,2018-01-17,2018-01-20
"295","Saipan_ForbiGrid_L1","Saipan","ForbiGrid","L1","b","b",6,22,0,0,2,2,4,0,0,0,0,0,0,2018-01-17,2018-01-20
"296","Saipan_ForbiGrid_L1","Saipan","ForbiGrid","L1","r","w",8,0,0,1,4,3,8,0,0,0,0,0,0,2018-01-17,2018-01-20
"297","Saipan_ForbiGrid_L1","Saipan","ForbiGrid","L1","b","r",8,23,0,0,6,3,5,0,1,0,0,0,0,2018-01-17,2018-01-20
"298","Saipan_ForbiGrid_L1","Saipan","ForbiGrid","L1","r","r",5,4,0,0,0,1,2,0,0,0,0,0,0,2018-01-17,2018-01-20
"299","Saipan_ForbiGrid_L1","Saipan","ForbiGrid","L1","y","r",3,6,0,0,1,1,2,0,0,0,0,0,0,2018-01-17,2018-01-20
"300","Saipan_ForbiGrid_L1","Saipan","ForbiGrid","L1","b","y",17,53,6,0,3,2,3,0,1,0,0,0,0,2018-01-17,2018-01-20
"301","Saipan_ForbiGrid_L1","Saipan","ForbiGrid","L1","w","y",13,0,3,0,0,0,3,0,0,0,0,0,0,2018-01-17,2018-01-20
"302","Saipan_ForbiGrid_L1","Saipan","ForbiGrid","L1","r","y",6,5,0,0,1,0,3,0,0,0,1,0,0,2018-01-17,2018-01-20
"303","Saipan_ForbiGrid_L1","Saipan","ForbiGrid","L1","r","b",3,0,0,1,2,0,1,0,0,0,0,0,0,2018-01-17,2018-01-20
"304","Saipan_ForbiGrid_L1","Saipan","ForbiGrid","L1","w","b",2,0,0,0,1,1,2,0,0,0,0,0,0,2018-01-17,2018-01-20
"305","Saipan_ForbiGrid_L1","Saipan","ForbiGrid","L1","w","r",2,2,0,0,1,2,2,0,0,0,0,0,0,2018-01-17,2018-01-20
"306","Saipan_ForbiGrid_L2","Saipan","ForbiGrid","L2","y","y",3,2,1,0,0,0,7,0,0,0,0,0,0,2018-01-17,2018-01-20
"307","Saipan_ForbiGrid_L2","Saipan","ForbiGrid","L2","y","b",6,2,1,0,1,1,1,0,0,0,0,0,0,2018-01-17,2018-01-20
"308","Saipan_ForbiGrid_L2","Saipan","ForbiGrid","L2","y","w",1,2,0,0,11,0,0,1,0,1,0,0,0,2018-01-17,2018-01-20
"309","Saipan_ForbiGrid_L2","Saipan","ForbiGrid","L2","y","r",12,0,0,1,13,2,0,0,0,0,1,0,0,2018-01-17,2018-01-20
"310","Saipan_ForbiGrid_L2","Saipan","ForbiGrid","L2","b","y",1,3,2,0,0,0,2,0,0,0,0,0,0,2018-01-17,2018-01-20
"311","Saipan_ForbiGrid_L2","Saipan","ForbiGrid","L2","b","b",2,1,0,0,1,3,0,0,0,0,0,0,0,2018-01-17,2018-01-20
"312","Saipan_ForbiGrid_L2","Saipan","ForbiGrid","L2","b","w",4,1,0,0,0,0,1,0,0,0,0,0,0,2018-01-17,2018-01-20
"313","Saipan_ForbiGrid_L2","Saipan","ForbiGrid","L2","b","r",0,0,1,0,0,0,2,0,0,0,1,0,0,2018-01-17,2018-01-20
"314","Saipan_ForbiGrid_L2","Saipan","ForbiGrid","L2","w","y",3,3,0,0,0,0,0,0,0,0,0,0,0,2018-01-17,2018-01-20
"315","Saipan_ForbiGrid_L2","Saipan","ForbiGrid","L2","w","b",4,0,1,0,2,9,1,0,0,0,0,0,0,2018-01-17,2018-01-20
"316","Saipan_ForbiGrid_L2","Saipan","ForbiGrid","L2","w","w",1,2,0,2,0,0,0,0,0,0,1,1,0,2018-01-17,2018-01-20
"317","Saipan_ForbiGrid_L2","Saipan","ForbiGrid","L2","w","r",0,0,2,0,3,0,2,0,0,0,0,0,0,2018-01-17,2018-01-20
"318","Saipan_ForbiGrid_L2","Saipan","ForbiGrid","L2","r","y",0,0,0,0,0,4,0,0,0,0,0,0,0,2018-01-17,2018-01-20
"319","Saipan_ForbiGrid_L2","Saipan","ForbiGrid","L2","r","b",6,0,1,1,2,0,3,0,0,0,0,0,0,2018-01-17,2018-01-20
"320","Saipan_ForbiGrid_L2","Saipan","ForbiGrid","L2","r","w",2,1,0,0,0,0,0,0,0,0,0,0,0,2018-01-17,2018-01-20
"321","Saipan_ForbiGrid_L2","Saipan","ForbiGrid","L2","r","r",5,0,2,0,0,0,1,1,0,0,0,1,0,2018-01-17,2018-01-20
"322","Saipan_ForbiGrid_L3","Saipan","ForbiGrid","L3","b","w",9,0,0,1,1,0,0,0,0,0,0,0,0,2018-01-17,2018-01-20
"323","Saipan_ForbiGrid_L3","Saipan","ForbiGrid","L3","y","y",0,1,1,0,1,0,23,0,0,0,0,0,0,2018-01-17,2018-01-20
"324","Saipan_ForbiGrid_L3","Saipan","ForbiGrid","L3","y","r",1,0,0,0,1,2,0,0,0,0,0,1,0,2018-01-17,2018-01-20
"325","Saipan_ForbiGrid_L3","Saipan","ForbiGrid","L3","r","r",0,0,0,0,0,0,16,0,0,0,1,0,0,2018-01-17,2018-01-20
"326","Saipan_ForbiGrid_L3","Saipan","ForbiGrid","L3","r","w",4,2,0,0,0,0,0,0,0,0,0,0,0,2018-01-17,2018-01-20
"327","Saipan_ForbiGrid_L3","Saipan","ForbiGrid","L3","b","y",0,0,1,0,0,2,11,0,0,0,0,0,0,2018-01-17,2018-01-20
"328","Saipan_ForbiGrid_L3","Saipan","ForbiGrid","L3","w","r",1,0,0,1,2,0,0,0,0,0,0,0,0,2018-01-17,2018-01-20
"329","Saipan_ForbiGrid_L3","Saipan","ForbiGrid","L3","b","b",1,1,1,0,0,0,23,0,0,0,0,0,0,2018-01-17,2018-01-20
"330","Saipan_ForbiGrid_L3","Saipan","ForbiGrid","L3","b","r",3,0,0,0,0,3,0,0,0,0,0,0,0,2018-01-17,2018-01-20
"331","Saipan_ForbiGrid_L3","Saipan","ForbiGrid","L3","w","y",13,1,0,0,3,0,21,0,0,0,0,0,0,2018-01-17,2018-01-20
"332","Saipan_ForbiGrid_L3","Saipan","ForbiGrid","L3","w","w",2,2,0,0,1,0,0,1,0,0,1,0,0,2018-01-17,2018-01-20
"333","Saipan_ForbiGrid_L3","Saipan","ForbiGrid","L3","y","b",0,1,1,1,2,0,11,0,0,0,0,0,0,2018-01-17,2018-01-20
"334","Saipan_ForbiGrid_L3","Saipan","ForbiGrid","L3","w","b",7,1,0,0,1,0,0,0,0,0,0,0,0,2018-01-17,2018-01-20
"335","Saipan_ForbiGrid_L3","Saipan","ForbiGrid","L3","r","y",1,0,0,0,1,7,14,0,0,0,0,0,0,2018-01-17,2018-01-20
"336","Saipan_ForbiGrid_L3","Saipan","ForbiGrid","L3","y","w",4,0,0,1,1,0,0,0,0,0,0,0,0,2018-01-17,2018-01-20
"337","Saipan_ForbiGrid_L3","Saipan","ForbiGrid","L3","r","b",3,0,1,0,0,0,5,0,0,0,0,0,0,2018-01-17,2018-01-20
"338","Saipan_LADTA_L1","Saipan","LADTA","L1","y","y",3,2,0,1,0,0,1,0,0,0,0,0,1,2018-01-17,2018-01-20
"339","Saipan_LADTA_L1","Saipan","LADTA","L1","y","b",2,0,0,0,0,0,0,0,0,0,0,0,0,2018-01-17,2018-01-20
"340","Saipan_LADTA_L1","Saipan","LADTA","L1","y","w",16,1,0,1,0,0,2,0,0,0,0,0,0,2018-01-17,2018-01-20
"341","Saipan_LADTA_L1","Saipan","LADTA","L1","b","r",0,0,0,1,0,0,3,0,0,0,0,0,0,2018-01-17,2018-01-20
"342","Saipan_LADTA_L1","Saipan","LADTA","L1","r","r",1,2,0,0,0,2,1,0,0,0,0,0,0,2018-01-17,2018-01-20
"343","Saipan_LADTA_L1","Saipan","LADTA","L1","y","r",2,0,0,0,0,1,1,0,0,0,0,0,0,2018-01-17,2018-01-20
"344","Saipan_LADTA_L1","Saipan","LADTA","L1","b","y",4,0,1,0,0,0,1,0,0,0,0,0,0,2018-01-17,2018-01-20
"345","Saipan_LADTA_L1","Saipan","LADTA","L1","r","b",2,0,0,0,0,1,9,0,0,1,0,0,1,2018-01-17,2018-01-20
"346","Saipan_LADTA_L1","Saipan","LADTA","L1","w","y",3,0,0,0,0,1,0,0,1,0,0,0,0,2018-01-17,2018-01-20
"347","Saipan_LADTA_L1","Saipan","LADTA","L1","w","b",0,0,0,0,0,0,2,0,0,0,0,0,0,2018-01-17,2018-01-20
"348","Saipan_LADTA_L1","Saipan","LADTA","L1","r","w",2,3,0,1,0,1,5,0,0,0,0,0,0,2018-01-17,2018-01-20
"349","Saipan_LADTA_L1","Saipan","LADTA","L1","b","b",1,1,0,0,0,0,1,0,1,0,0,0,0,2018-01-17,2018-01-20
"350","Saipan_LADTA_L1","Saipan","LADTA","L1","b","w",2,0,0,1,0,0,1,0,0,0,0,0,0,2018-01-17,2018-01-20
"351","Saipan_LADTA_L1","Saipan","LADTA","L1","w","r",1,0,0,0,0,1,3,0,0,0,0,0,0,2018-01-17,2018-01-20
"352","Saipan_LADTA_L1","Saipan","LADTA","L1","w","w",2,0,0,0,0,0,2,0,0,2,0,0,0,2018-01-17,2018-01-20
"353","Saipan_LADTA_L1","Saipan","LADTA","L1","r","y",3,1,0,0,0,0,6,0,0,0,0,0,0,2018-01-17,2018-01-20
"354","Saipan_LADTA_L2","Saipan","LADTA","L2","y","y",18,3,0,0,0,8,4,0,0,2,0,0,0,2018-01-17,2018-01-20
"355","Saipan_LADTA_L2","Saipan","LADTA","L2","y","b",2,0,0,1,3,0,3,0,1,0,0,0,0,2018-01-17,2018-01-20
"356","Saipan_LADTA_L2","Saipan","LADTA","L2","y","w",7,0,0,0,3,7,3,0,0,0,0,0,0,2018-01-17,2018-01-20
"357","Saipan_LADTA_L2","Saipan","LADTA","L2","y","r",5,0,0,0,0,1,4,0,0,1,0,0,0,2018-01-17,2018-01-20
"358","Saipan_LADTA_L2","Saipan","LADTA","L2","b","y",0,1,1,0,4,4,2,0,0,0,0,0,0,2018-01-17,2018-01-20
"359","Saipan_LADTA_L2","Saipan","LADTA","L2","b","b",4,0,0,0,3,2,3,0,0,0,0,0,1,2018-01-17,2018-01-20
"360","Saipan_LADTA_L2","Saipan","LADTA","L2","b","w",10,0,0,0,5,3,4,0,1,0,0,0,0,2018-01-17,2018-01-20
"361","Saipan_LADTA_L2","Saipan","LADTA","L2","b","r",3,0,0,0,4,0,3,0,0,0,0,0,0,2018-01-17,2018-01-20
"362","Saipan_LADTA_L2","Saipan","LADTA","L2","w","y",1,1,1,0,6,1,9,0,0,0,0,0,0,2018-01-17,2018-01-20
"363","Saipan_LADTA_L2","Saipan","LADTA","L2","w","b",2,1,0,0,2,0,2,0,0,0,0,1,0,2018-01-17,2018-01-20
"364","Saipan_LADTA_L2","Saipan","LADTA","L2","w","w",7,0,0,0,1,0,5,0,0,0,0,0,0,2018-01-17,2018-01-20
"365","Saipan_LADTA_L2","Saipan","LADTA","L2","w","r",3,0,0,0,1,0,0,0,0,1,0,0,0,2018-01-17,2018-01-20
"366","Saipan_LADTA_L2","Saipan","LADTA","L2","r","y",2,3,2,0,14,0,1,0,0,0,0,0,0,2018-01-17,2018-01-20
"367","Saipan_LADTA_L2","Saipan","LADTA","L2","r","b",3,0,5,0,3,1,1,0,0,0,0,0,0,2018-01-17,2018-01-20
"368","Saipan_LADTA_L2","Saipan","LADTA","L2","r","w",11,0,18,1,7,0,4,0,0,1,0,0,0,2018-01-17,2018-01-20
"369","Saipan_LADTA_L2","Saipan","LADTA","L2","r","r",1,0,6,0,4,1,6,0,0,0,0,0,0,2018-01-17,2018-01-20
"370","Saipan_LADTA_L3","Saipan","LADTA","L3","r","w",3,1,0,0,0,0,1,0,1,0,0,0,0,2018-01-17,2018-01-20
"371","Saipan_LADTA_L3","Saipan","LADTA","L3","r","r",1,0,0,0,0,0,1,0,0,0,0,0,0,2018-01-17,2018-01-20
"372","Saipan_LADTA_L3","Saipan","LADTA","L3","r","b",2,0,0,0,0,1,0,0,0,0,1,0,0,2018-01-17,2018-01-20
"373","Saipan_LADTA_L3","Saipan","LADTA","L3","r","y",1,2,1,1,0,3,2,0,1,0,0,0,0,2018-01-17,2018-01-20
"374","Saipan_LADTA_L3","Saipan","LADTA","L3","b","r",0,0,0,0,0,0,0,0,0,0,0,0,0,2018-01-17,2018-01-20
"375","Saipan_LADTA_L3","Saipan","LADTA","L3","b","w",0,0,0,0,0,0,0,0,0,0,0,0,0,2018-01-17,2018-01-20
"376","Saipan_LADTA_L3","Saipan","LADTA","L3","b","b",0,0,0,0,0,0,1,0,0,0,0,0,0,2018-01-17,2018-01-20
"377","Saipan_LADTA_L3","Saipan","LADTA","L3","b","y",1,0,0,0,1,1,0,0,1,0,0,1,0,2018-01-17,2018-01-20
"378","Saipan_LADTA_L3","Saipan","LADTA","L3","w","y",1,0,1,2,0,1,0,0,0,0,0,0,0,2018-01-17,2018-01-20
"379","Saipan_LADTA_L3","Saipan","LADTA","L3","y","r",1,0,0,1,0,2,1,0,0,0,0,0,0,2018-01-17,2018-01-20
"380","Saipan_LADTA_L3","Saipan","LADTA","L3","w","r",0,0,1,0,0,0,1,0,0,0,0,0,0,2018-01-17,2018-01-20
"381","Saipan_LADTA_L3","Saipan","LADTA","L3","w","w",0,0,0,0,0,0,2,0,0,0,0,0,0,2018-01-17,2018-01-20
"382","Saipan_LADTA_L3","Saipan","LADTA","L3","w","b",1,0,0,0,0,0,1,0,0,0,0,0,0,2018-01-17,2018-01-20
"383","Saipan_LADTA_L3","Saipan","LADTA","L3","y","w",0,0,0,0,0,0,0,0,0,0,0,0,0,2018-01-17,2018-01-20
"384","Saipan_LADTA_L3","Saipan","LADTA","L3","y","y",0,0,0,0,1,0,2,0,0,0,0,0,0,2018-01-17,2018-01-20
"385","Saipan_LADTA_L3","Saipan","LADTA","L3","y","b",1,0,0,0,0,0,0,0,0,0,0,0,0,2018-01-17,2018-01-20
"386","Saipan_Ladtg_L1","Saipan","Ladtg","L1","b","w",5,2,NA,NA,NA,2,4,NA,1,1,NA,NA,NA,NA,NA
"387","Saipan_Ladtg_L1","Saipan","Ladtg","L1","b","r",0,0,1,0,1,0,4,0,0,0,0,0,0,NA,NA
"388","Saipan_Ladtg_L1","Saipan","Ladtg","L1","y","r",0,1,0,1,0,0,2,0,0,0,0,0,0,NA,NA
"389","Saipan_Ladtg_L1","Saipan","Ladtg","L1","r","b",0,0,1,0,0,0,2,0,1,0,0,0,0,NA,NA
"390","Saipan_Ladtg_L1","Saipan","Ladtg","L1","b","y",8,0,0,0,4,1,3,0,0,1,0,0,0,NA,NA
"391","Saipan_Ladtg_L1","Saipan","Ladtg","L1","r","y",4,1,0,0,2,1,3,0,0,0,0,0,0,NA,NA
"392","Saipan_Ladtg_L1","Saipan","Ladtg","L1","w","r",3,0,1,0,1,1,2,0,0,0,0,0,0,NA,NA
"393","Saipan_Ladtg_L1","Saipan","Ladtg","L1","y","y",3,0,0,0,0,1,2,0,0,0,0,0,0,NA,NA
"394","Saipan_Ladtg_L1","Saipan","Ladtg","L1","b","b",0,0,0,0,2,0,1,0,0,0,0,0,0,NA,NA
"395","Saipan_Ladtg_L1","Saipan","Ladtg","L1","w","w",2,0,0,0,1,0,2,0,0,0,0,0,0,NA,NA
"396","Saipan_Ladtg_L1","Saipan","Ladtg","L1","r","r",2,0,0,0,1,0,0,0,0,1,0,0,0,NA,NA
"397","Saipan_Ladtg_L1","Saipan","Ladtg","L1","r","w",16,0,4,1,0,0,0,0,1,0,0,0,0,NA,NA
"398","Saipan_Ladtg_L1","Saipan","Ladtg","L1","y","b",1,0,0,1,1,0,1,0,0,0,0,0,0,NA,NA
"399","Saipan_Ladtg_L1","Saipan","Ladtg","L1","w","b",2,1,0,0,0,0,2,0,0,1,0,0,0,NA,NA
"400","Saipan_Ladtg_L1","Saipan","Ladtg","L1","w","y",3,1,0,0,5,1,2,0,0,0,0,0,0,NA,NA
"401","Saipan_Ladtg_L1","Saipan","Ladtg","L1","y","w",2,0,0,0,0,0,2,0,0,0,0,0,0,NA,NA
"402","Saipan_LADTG_L2","Saipan","LADTG","L2","b","y",1,1,2,1,2,0,2,0,0,0,0,0,0,2018-01-17,2018-01-20
"403","Saipan_LADTG_L2","Saipan","LADTG","L2","b","b",5,3,0,0,0,0,1,0,0,0,0,0,0,2018-01-17,2018-01-20
"404","Saipan_LADTG_L2","Saipan","LADTG","L2","r","b",3,0,1,1,0,0,0,0,0,0,0,1,0,2018-01-17,2018-01-20
"405","Saipan_LADTG_L2","Saipan","LADTG","L2","y","y",4,4,0,1,0,0,1,0,0,0,0,0,0,2018-01-17,2018-01-20
"406","Saipan_LADTG_L2","Saipan","LADTG","L2","b","r",2,0,0,1,1,0,0,0,0,0,0,0,0,2018-01-17,2018-01-20
"407","Saipan_LADTG_L2","Saipan","LADTG","L2","r","w",1,0,0,0,1,0,2,0,0,0,1,0,0,2018-01-17,2018-01-20
"408","Saipan_LADTG_L2","Saipan","LADTG","L2","w","y",2,1,4,0,0,0,0,0,0,0,0,0,0,2018-01-17,2018-01-20
"409","Saipan_LADTG_L2","Saipan","LADTG","L2","b","w",5,1,0,1,0,0,1,0,0,0,0,0,0,2018-01-17,2018-01-20
"410","Saipan_LADTG_L2","Saipan","LADTG","L2","y","b",2,1,0,0,0,0,0,0,0,0,0,1,0,2018-01-17,2018-01-20
"411","Saipan_LADTG_L2","Saipan","LADTG","L2","y","w",1,0,0,0,2,0,2,0,0,0,0,0,0,2018-01-17,2018-01-20
"412","Saipan_LADTG_L2","Saipan","LADTG","L2","w","r",3,2,0,0,0,0,0,0,0,0,0,0,0,2018-01-17,2018-01-20
"413","Saipan_LADTG_L2","Saipan","LADTG","L2","w","b",5,0,0,1,5,0,0,0,0,0,0,0,0,2018-01-17,2018-01-20
"414","Saipan_LADTG_L2","Saipan","LADTG","L2","r","y",2,3,2,1,2,0,1,0,0,0,0,0,0,2018-01-17,2018-01-20
"415","Saipan_LADTG_L2","Saipan","LADTG","L2","w","w",2,0,0,0,0,0,0,0,1,0,0,0,0,2018-01-17,2018-01-20
"416","Saipan_LADTG_L2","Saipan","LADTG","L2","r","r",1,4,0,1,3,0,1,0,0,1,0,0,0,2018-01-17,2018-01-20
"417","Saipan_LADTG_L2","Saipan","LADTG","L2","y","r",1,0,0,0,0,0,2,0,0,0,0,0,0,2018-01-17,2018-01-20
"418","Saipan_Ladtg_L3","Saipan","Ladtg","L3","r","r",5,0,0,0,1,1,4,0,1,0,0,0,0,NA,NA
"419","Saipan_Ladtg_L3","Saipan","Ladtg","L3","r","b",8,0,0,0,4,0,2,0,1,0,0,0,0,NA,NA
"420","Saipan_Ladtg_L3","Saipan","Ladtg","L3","r","w",15,1,7,1,0,1,3,0,2,0,0,3,0,NA,NA
"421","Saipan_Ladtg_L3","Saipan","Ladtg","L3","r","y",5,2,0,0,20,0,14,0,0,0,0,1,0,NA,NA
"422","Saipan_Ladtg_L3","Saipan","Ladtg","L3","b","b",5,1,0,0,5,4,7,0,0,0,0,0,0,NA,NA
"423","Saipan_Ladtg_L3","Saipan","Ladtg","L3","b","y",2,0,0,2,4,0,6,0,0,0,0,0,0,NA,NA
"424","Saipan_Ladtg_L3","Saipan","Ladtg","L3","b","w",10,0,0,0,9,1,2,0,1,0,0,0,0,NA,NA
"425","Saipan_Ladtg_L3","Saipan","Ladtg","L3","b","r",0,0,0,0,8,4,10,1,0,0,0,0,0,NA,NA
"426","Saipan_Ladtg_L3","Saipan","Ladtg","L3","y","y",10,1,1,1,5,6,7,0,0,1,0,0,0,NA,NA
"427","Saipan_Ladtg_L3","Saipan","Ladtg","L3","y","r",5,1,0,2,4,2,9,0,0,0,1,0,0,NA,NA
"428","Saipan_Ladtg_L3","Saipan","Ladtg","L3","y","b",5,0,0,0,4,0,7,0,0,0,2,2,0,NA,NA
"429","Saipan_Ladtg_L3","Saipan","Ladtg","L3","w","y",2,1,0,1,1,0,3,0,0,1,0,0,0,NA,NA
"430","Saipan_Ladtg_L3","Saipan","Ladtg","L3","y","w",9,0,1,0,1,0,15,0,0,1,0,1,0,NA,NA
"431","Saipan_Ladtg_L3","Saipan","Ladtg","L3","w","r",3,0,2,0,1,0,13,0,1,0,0,0,0,NA,NA
"432","Saipan_Ladtg_L3","Saipan","Ladtg","L3","w","w",4,0,0,0,8,0,2,0,0,0,0,0,0,NA,NA
"433","Saipan_Ladtg_L3","Saipan","Ladtg","L3","w","b",4,0,1,1,2,0,2,1,1,0,0,0,0,NA,NA
"434","Saipan_MTRL_L1","Saipan","MTRL","L1","w","y",2,0,0,1,2,1,3,0,0,0,0,0,0,2018-01-17,2018-01-20
"435","Saipan_MTRL_L1","Saipan","MTRL","L1","w","b",4,0,0,0,1,0,0,0,0,0,0,0,0,2018-01-17,2018-01-20
"436","Saipan_MTRL_L1","Saipan","MTRL","L1","w","w",12,1,1,0,0,0,1,0,0,0,0,0,0,2018-01-17,2018-01-20
"437","Saipan_MTRL_L1","Saipan","MTRL","L1","w","r",1,0,0,0,0,0,4,0,0,0,0,0,0,2018-01-17,2018-01-20
"438","Saipan_MTRL_L1","Saipan","MTRL","L1","r","y",0,2,0,0,2,1,0,0,0,0,0,0,0,2018-01-17,2018-01-20
"439","Saipan_MTRL_L1","Saipan","MTRL","L1","r","b",1,0,0,0,3,0,1,0,0,0,0,0,0,2018-01-17,2018-01-20
"440","Saipan_MTRL_L1","Saipan","MTRL","L1","r","w",1,0,0,0,0,0,4,0,0,0,0,0,1,2018-01-17,2018-01-20
"441","Saipan_MTRL_L1","Saipan","MTRL","L1","r","r",2,0,1,0,0,0,1,0,1,0,0,0,0,2018-01-17,2018-01-20
"442","Saipan_MTRL_L1","Saipan","MTRL","L1","b","b",7,0,1,0,0,0,0,0,0,0,0,0,0,2018-01-17,2018-01-20
"443","Saipan_MTRL_L1","Saipan","MTRL","L1","b","w",12,0,0,0,0,1,0,0,0,0,0,0,0,2018-01-17,2018-01-20
"444","Saipan_MTRL_L1","Saipan","MTRL","L1","b","r",2,0,0,0,1,0,1,0,1,0,0,0,0,2018-01-17,2018-01-20
"445","Saipan_MTRL_L1","Saipan","MTRL","L1","b","y",9,0,1,0,1,0,1,0,0,0,0,0,0,2018-01-17,2018-01-20
"446","Saipan_MTRL_L1","Saipan","MTRL","L1","y","y",11,0,0,1,3,0,0,0,1,0,0,0,0,2018-01-17,2018-01-20
"447","Saipan_MTRL_L1","Saipan","MTRL","L1","y","b",0,0,0,0,2,1,0,0,0,0,0,0,0,2018-01-17,2018-01-20
"448","Saipan_MTRL_L1","Saipan","MTRL","L1","y","w",2,0,1,0,1,0,1,0,0,0,0,0,0,2018-01-17,2018-01-20
"449","Saipan_MTRL_L1","Saipan","MTRL","L1","y","r",0,0,0,0,0,0,1,0,0,1,0,0,0,2018-01-17,2018-01-20
"450","Saipan_MTRL_L2","Saipan","MTRL","L2","r","r",1,0,0,0,0,0,1,0,0,0,0,0,0,2018-01-17,2018-01-20
"451","Saipan_MTRL_L2","Saipan","MTRL","L2","r","w",3,1,0,0,1,0,0,0,0,0,0,0,0,2018-01-17,2018-01-20
"452","Saipan_MTRL_L2","Saipan","MTRL","L2","r","b",0,1,0,0,0,0,1,0,0,0,0,0,0,2018-01-17,2018-01-20
"453","Saipan_MTRL_L2","Saipan","MTRL","L2","r","y",0,0,1,3,0,1,2,0,0,0,0,0,0,2018-01-17,2018-01-20
"454","Saipan_MTRL_L2","Saipan","MTRL","L2","w","r",1,2,1,0,1,0,5,0,0,0,0,0,0,2018-01-17,2018-01-20
"455","Saipan_MTRL_L2","Saipan","MTRL","L2","y","r",0,2,0,0,1,0,5,0,0,0,0,0,0,2018-01-17,2018-01-20
"456","Saipan_MTRL_L2","Saipan","MTRL","L2","w","w",1,0,0,1,0,0,5,0,0,0,0,0,0,2018-01-17,2018-01-20
"457","Saipan_MTRL_L2","Saipan","MTRL","L2","w","b",2,1,0,0,1,0,5,0,0,0,0,0,0,2018-01-17,2018-01-20
"458","Saipan_MTRL_L2","Saipan","MTRL","L2","b","r",0,0,0,0,1,0,2,0,0,0,0,0,0,2018-01-17,2018-01-20
"459","Saipan_MTRL_L2","Saipan","MTRL","L2","w","y",3,1,1,0,1,0,2,0,0,0,0,0,0,2018-01-17,2018-01-20
"460","Saipan_MTRL_L2","Saipan","MTRL","L2","b","b",0,0,0,0,2,0,11,0,0,0,0,0,0,2018-01-17,2018-01-20
"461","Saipan_MTRL_L2","Saipan","MTRL","L2","b","y",0,1,0,0,1,0,10,0,0,0,0,0,0,2018-01-17,2018-01-20
"462","Saipan_MTRL_L2","Saipan","MTRL","L2","b","w",0,1,0,0,0,0,3,0,0,0,0,0,0,2018-01-17,2018-01-20
"463","Saipan_MTRL_L2","Saipan","MTRL","L2","y","y",2,1,0,0,0,1,5,0,0,1,0,1,0,2018-01-17,2018-01-20
"464","Saipan_MTRL_L2","Saipan","MTRL","L2","y","w",0,0,0,1,1,0,7,0,0,1,0,0,0,2018-01-17,2018-01-20
"465","Saipan_MTRL_L2","Saipan","MTRL","L2","y","b",1,2,0,0,2,0,7,0,0,0,0,0,0,2018-01-17,2018-01-20
"466","Saipan_MTRL_L3","Saipan","MTRL","L3","r","r",1,0,0,0,0,0,41,0,0,0,0,0,0,2018-01-17,2018-01-20
"467","Saipan_MTRL_L3","Saipan","MTRL","L3","y","y",3,0,1,0,2,0,39,0,0,1,0,0,0,2018-01-17,2018-01-20
"468","Saipan_MTRL_L3","Saipan","MTRL","L3","r","y",0,2,0,0,0,1,24,0,0,0,0,0,0,2018-01-17,2018-01-20
"469","Saipan_MTRL_L3","Saipan","MTRL","L3","b","b",0,0,1,0,0,0,21,0,0,0,0,0,0,2018-01-17,2018-01-20
"470","Saipan_MTRL_L3","Saipan","MTRL","L3","y","b",0,0,0,1,0,0,13,0,0,0,0,0,0,2018-01-17,2018-01-20
"471","Saipan_MTRL_L3","Saipan","MTRL","L3","y","w",2,0,0,0,1,0,14,0,0,0,0,0,0,2018-01-17,2018-01-20
"472","Saipan_MTRL_L3","Saipan","MTRL","L3","w","r",0,1,0,0,0,0,84,0,0,0,0,0,0,2018-01-17,2018-01-20
"473","Saipan_MTRL_L3","Saipan","MTRL","L3","w","w",2,2,0,0,0,0,99,0,0,0,0,0,0,2018-01-17,2018-01-20
"474","Saipan_MTRL_L3","Saipan","MTRL","L3","b","y",0,1,0,0,0,0,23,0,0,0,0,0,0,2018-01-17,2018-01-20
"475","Saipan_MTRL_L3","Saipan","MTRL","L3","y","r",1,0,1,0,1,1,60,0,0,0,0,0,0,2018-01-17,2018-01-20
"476","Saipan_MTRL_L3","Saipan","MTRL","L3","r","w",0,0,0,0,0,0,29,0,0,0,0,0,0,2018-01-17,2018-01-20
"477","Saipan_MTRL_L3","Saipan","MTRL","L3","r","b",0,0,0,0,0,0,16,0,0,0,0,0,0,2018-01-17,2018-01-20
"478","Saipan_MTRL_L3","Saipan","MTRL","L3","w","b",0,1,0,1,0,0,94,0,0,1,0,0,0,2018-01-17,2018-01-20
"479","Saipan_MTRL_L3","Saipan","MTRL","L3","b","r",2,1,0,0,1,0,20,0,0,0,0,0,0,2018-01-17,2018-01-20
"480","Saipan_MTRL_L3","Saipan","MTRL","L3","w","y",0,2,0,1,0,0,91,0,0,1,0,0,0,2018-01-17,2018-01-20
