"","lon","lat","rdcls_00","rdcls_24","dist_00","dist_24","nlcd","lulc","county_name","ws_name","ws_code","ecoregion","eco_code"
"1",1190040.26845774,1648903.93699219,"A41","S1400",541.921066147679,406.903757993351,41,"deciduous","Dickenson","Upper Levisa","05070202","Dissected Appalachian Plateau","69d"
"2",1383165.3038047,1734800.68572235,"A51","S1400",932.751400302955,2290.13595310163,43,"mixed forest","Craig","Upper James","02080201","Southern Sandstone Ridges","67h"
"3",1594751.7340978,1711811.49277681,"A41","S1400",89.0738721082043,89.0738721082043,42,"evergreen","Dinwiddie","Nottoway","03010201","Northern Outer Piedmont","45f"
"4",1474523.35410552,1637494.37683451,"A41","S1400",63.2622971827288,63.2622971827288,22,"developed_light","Pittsylvania","Lower Dan","03010104","Northern Inner Piedmont","45e"
"5",1415647.2922519,1687018.0601495,"A41","S1400",199.752266061102,368.832192578536,41,"deciduous","Franklin","Upper Roanoke","03010101","Northern Inner Piedmont","45e"
"6",1622239.88559528,1845741.87864161,"A41","S1400",48.3786412014384,48.3786412014384,43,"mixed forest","King George","Lower Rappahannock","02080104","Rolling Coastal Plain","65m"
"7",1529485.33874804,1795502.20588072,"A41","S1400",25.6250134557509,25.6250134557509,21,"developed_open","Fluvanna","Rivanna","02080204","Northern Inner Piedmont","45e"
"8",1128467.72719434,1588337.74428389,"A41","S1400",318.97651482844,272.471130457997,31,"barren","Lee","Powell","06010206","Southern Limestone/Dolomite Valleys and Low Rolling Hills","67f"
"9",1312018.53588516,1668557.35933857,"A41","S1400",344.411768775078,375.22085887562,41,"deciduous","Bland","Middle New","05050002","Southern Limestone/Dolomite Valleys and Low Rolling Hills","67f"
"10",1447046.08734472,1774766.59742961,"A74","S1740",31.434157040704,31.434157040704,81,"pasture","Rockbridge","Maury","02080202","Northern Limestone/Dolomite Valleys","67a"
"11",1498672.59111644,1917516.88893865,"A41","S1750",998.758044545733,395.185307446752,41,"deciduous","Shenandoah","North Fork Shenandoah","02070006","Northern Sandstone Ridges","67c"
"12",1552645.7541802,1805133.56250972,"A41","S1500",546.616586186539,195.158275256617,42,"evergreen","Louisa","Pamunkey","02080106","Northern Inner Piedmont","45e"
"13",1577868.61960132,1820884.89092528,"A41","S1740",89.7275442042514,6.98494178991621,43,"mixed forest","Spotsylvania","Pamunkey","02080106","Northern Outer Piedmont","45f"
"14",1488865.2974018,1639253.94149726,"A41","S1400",65.0792291264623,65.0792291264623,52,"shrub","Halifax","Lower Dan","03010104","Northern Inner Piedmont","45e"
"15",1771289.92786986,1838709.36369607,"A74","S1400",154.236940145909,458.248883146661,82,"crops","Accomack","Eastern Lower Delmarva","02040304","Virginian Barrier Islands and Coastal Marshes","63d"
"16",1512711.67689736,1863643.11246848,"A41","S1400",1286.356702316,1286.356702316,41,"deciduous","Madison","Rapidan-Upper Rappahannock","02080103","Northern Igneous Ridges","66a"
"17",1609167.18149197,1854192.43972362,"A41","S1400",25.9886263055005,25.9886263055005,21,"developed_open","King George","Lower Rappahannock","02080104","Rolling Coastal Plain","65m"
"18",1393077.16890863,1717078.55561179,"A74","S1740",14.2046026427403,14.2046026427403,41,"deciduous","Botetourt","Upper James","02080201","Southern Limestone/Dolomite Valleys and Low Rolling Hills","67f"
"19",1243916.83766794,1671085.94948065,"A41","S1500",757.239947807276,361.622497346036,41,"deciduous","Buchanan","Upper Levisa","05070202","Dissected Appalachian Plateau","69d"
"20",1682059.79762526,1675837.71325947,"A41","S1400",101.069795703196,101.069795703613,42,"evergreen","Suffolk","Blackwater","03010202","Mid-Atlantic Flatwoods","63e"
"21",1688846.76313404,1785415.13558137,"A31","S1200",36.1101351899171,36.1101351899171,42,"evergreen","Gloucester","Great Wicomico-Piankatank","02080102","Rolling Coastal Plain","65m"
"22",1520789.03142474,1738791.85282383,"A51","S1500",0.864883441926459,234.659751530053,41,"deciduous","Buckingham","Middle James-Willis","02080205","Northern Inner Piedmont","45e"
"23",1433095.70148101,1741804.40219303,"A41","S1400",415.188032037123,415.188032037123,41,"deciduous","Rockbridge","Upper James","02080201","Northern Sedimentary and Metasedimentary Ridges","66b"
"24",1291840.0107436,1646878.89188233,"A41","S1500",1261.43973603221,1164.84398397108,41,"deciduous","Wythe","Upper New","05050001","Southern Dissected Ridges and Knobs","67i"
"25",1412111.26154069,1841493.57150796,"A41","S1400",76.6706118485875,76.6706118485875,81,"pasture","Highland","South Branch Potomac","02070001","Northern Limestone/Dolomite Valleys","67a"
"26",1151937.36545057,1587549.10904241,"A41","S1750",572.335399447538,545.792728392772,41,"deciduous","Scott","Upper Clinch, Tennessee, Virginia","06010205","Southern Limestone/Dolomite Valleys and Low Rolling Hills","67f"
"27",1410338.82888878,1730603.99380505,"A74","S1400",317.377269534298,346.68813765807,81,"pasture","Botetourt","Upper James","02080201","Southern Limestone/Dolomite Valleys and Low Rolling Hills","67f"
"28",1690560.62740229,1779881.59690152,"A41","S1500",76.0806822253728,58.8511325895661,43,"mixed forest","Gloucester","Great Wicomico-Piankatank","02080102","Rolling Coastal Plain","65m"
"29",1532947.79123223,1735463.73251291,"A74","S1740",135.313152026827,135.313152026827,43,"mixed forest","Cumberland","Middle James-Willis","02080205","Triassic Basins","45g"
"30",1582092.08912116,1790710.37564105,"A74","S1740",98.0042713997906,104.249155363956,41,"deciduous","Hanover","Pamunkey","02080106","Northern Outer Piedmont","45f"
"31",1662690.5131334,1823045.22954604,"A41","S1400",474.655108945313,474.655108946558,43,"mixed forest","Richmond","Lower Rappahannock","02080104","Rolling Coastal Plain","65m"
"32",1628349.22248622,1718153.97203177,"A41","S1400",128.042095631346,63.0203347881055,42,"evergreen","Prince George","Nottoway","03010201","Rolling Coastal Plain","65m"
"33",1230872.95167361,1678955.65663809,"A71","S1500",2.3200227359464,2.32002273595428,41,"deciduous","Buchanan","Tug","05070201","Dissected Appalachian Plateau","69d"
"34",1281219.25232487,1653537.18110513,"A41","S1500",492.11993074691,84.5289735682398,52,"shrub","Bland","North Fork Holston","06010101","Southern Sandstone Ridges","67h"
"35",1571122.84588879,1752987.95624389,"A41","S1400",5.39757456311001,5.39757456311001,81,"pasture","Amelia","Appomattox","02080207","Northern Outer Piedmont","45f"
"36",1213895.83980261,1620619.50053862,"A21","S1200",57.2065369761387,47.2652545399685,41,"deciduous","Russell","Upper Clinch, Tennessee, Virginia","06010205","Southern Limestone/Dolomite Valleys and Low Rolling Hills","67f"
"37",1587310.17535461,1864302.52014513,"A41","S1400",99.2878420329186,99.2878420329186,41,"deciduous","Stafford","Lower Potomac","02070011","Northern Inner Piedmont","45e"
"38",1521973.73809672,1899735.8467809,"A41","S1400",115.119927947731,115.119927947731,41,"deciduous","Warren","South Fork Shenandoah","02070005","Northern Igneous Ridges","66a"
"39",1480419.04087264,1727810.57758846,"A41","S1400",119.223239626512,119.223239626512,41,"deciduous","Campbell","Middle James-Buffalo","02080203","Northern Inner Piedmont","45e"
"40",1607822.61354677,1730485.08647036,"A41","S1740",400.886687398163,192.45742081568,42,"evergreen","Dinwiddie","Appomattox","02080207","Northern Outer Piedmont","45f"
"41",1425026.68893038,1675469.54241174,"A74","S1740",40.9894535190825,117.956320966128,41,"deciduous","Franklin","Upper Roanoke","03010101","Northern Inner Piedmont","45e"
"42",1665610.86334378,1794676.21404871,"A41","S1400",227.069543201459,227.069543201459,42,"evergreen","King and Queen","Mattaponi","02080105","Rolling Coastal Plain","65m"
"43",1366172.43132875,1667110.60474771,"A41","S1400",749.155779150675,384.872344714071,41,"deciduous","Montgomery","Upper New","05050001","Southern Sedimentary Ridges","66e"
"44",1280825.19442192,1680084.00074025,"A41","S1400",688.352033789443,128.066855910313,41,"deciduous","Tazewell","Middle New","05050002","Dissected Appalachian Plateau","69d"
"45",1222922.4381356,1657752.5123421,"A41","S1400",40.913323886928,51.5147826864611,41,"deciduous","Buchanan","Upper Levisa","05070202","Dissected Appalachian Plateau","69d"
"46",1430798.72699601,1780877.44810955,"A41","S1500",259.16040431001,259.16040431001,41,"deciduous","Rockbridge","Maury","02080202","Northern Limestone/Dolomite Valleys","67a"
"47",1509108.23733179,1780532.88994038,"A41","S1400",109.662377440489,257.662211159389,41,"deciduous","Albemarle","Middle James-Buffalo","02080203","Northern Inner Piedmont","45e"
"48",1411982.70072276,1843171.53996259,"A41","S1400",178.802194973189,178.802194973189,81,"pasture","Highland","South Branch Potomac","02070001","Northern Limestone/Dolomite Valleys","67a"
"49",1330410.70075149,1628429.40306684,"A51","S1400",412.133154715261,149.571174047566,43,"mixed forest","Carroll","Upper New","05050001","New River Plateau","66c"
"50",1607405.43829382,1778300.5996436,"A41","S1400",58.7762392947017,58.7762392947017,90,"woody wetlands","Henrico","Lower James","02080206","Rolling Coastal Plain","65m"
"51",1739073.50786105,1717098.8220152,"A41","S1400",38.4775575946813,38.4775575946813,22,"developed_light","Virginia Beach","Lynnhaven-Poquoson","02080108","Chesapeake-Pamlico Lowlands and Tidal Marshes","63b"
"52",1127756.59563689,1581816.72593699,"A74","S1400",466.849353242907,178.364760397383,41,"deciduous","Lee","Powell","06010206","Southern Sandstone Ridges","67h"
"53",1509613.31340948,1820724.91973556,"A41","S1400",188.249457818354,188.249457818354,41,"deciduous","Albemarle","Rivanna","02080204","Piedmont Uplands","64c"
"54",1385840.76776831,1653797.89264511,"A41","S1500",189.328558599526,66.8524355109785,41,"deciduous","Floyd","Upper Dan","03010103","Southern Crystalline Ridges and Mountains","66d"
"55",1601151.4333365,1666252.3700688,"A41","S1500",122.956020300492,90.5289983336649,71,"grassland","Brunswick","Meherrin","03010204","Northern Outer Piedmont","45f"
"56",1453152.74187132,1684766.86709612,"A41","S1740",264.22597368627,243.369082338825,11,"water","Campbell","Upper Roanoke","03010101","Northern Inner Piedmont","45e"
"57",1558763.40659654,1814492.85775945,"A41","S1400",72.6752486106125,133.413541642178,41,"deciduous","Louisa","Pamunkey","02080106","Northern Inner Piedmont","45e"
"58",1668897.74652598,1786325.84312127,"A41","S1400",252.311808477258,254.291401719253,42,"evergreen","King and Queen","Mattaponi","02080105","Rolling Coastal Plain","65m"
"59",1518399.83017387,1784274.77556102,"A41","S1400",106.626284396922,91.923544763191,81,"pasture","Albemarle","Middle James-Buffalo","02080203","Northern Inner Piedmont","45e"
"60",1205577.44394661,1655400.2742119,"A41","S1400",87.145254831168,164.260926460791,41,"deciduous","Dickenson","Upper Levisa","05070202","Dissected Appalachian Plateau","69d"
"61",1411774.88606394,1664182.50583455,"A41","S1400",94.2257500440224,94.2257500440224,81,"pasture","Franklin","Upper Roanoke","03010101","Northern Inner Piedmont","45e"
"62",1394964.65405827,1631120.80213069,"A41","S1500",131.943123995605,89.3631574722877,41,"deciduous","Patrick","Upper Dan","03010103","Northern Inner Piedmont","45e"
"63",1668205.39968292,1722310.72026815,"A41","S1500",661.397042568634,4.19803879957873,42,"evergreen","Surry","Blackwater","03010202","Rolling Coastal Plain","65m"
"64",1410652.78226189,1780985.85163406,"A51","S1500",404.70557026542,540.600984115409,41,"deciduous","Bath","Upper James","02080201","Northern Shale Valleys","67b"
"65",1452316.68688517,1763533.08029216,"A41","S1400",194.011539846645,194.011539846645,41,"deciduous","Amherst","Middle James-Buffalo","02080203","Northern Igneous Ridges","66a"
"66",1399591.96571034,1766453.57356432,"A41","S1400",500.210178934215,500.210178934215,41,"deciduous","Alleghany","Upper James","02080201","Northern Sandstone Ridges","67c"
"67",1593596.17650342,1818208.26365838,"A41","S1400",28.4655910512412,28.4655910512412,21,"developed_open","Caroline","Mattaponi","02080105","Northern Outer Piedmont","45f"
"68",1499581.82706929,1666429.81103801,"A74","S1500",266.51375946861,64.0792518020733,42,"evergreen","Halifax","Banister","03010105","Northern Inner Piedmont","45e"
"69",1213592.59498701,1639329.7105132,"A41","S1400",932.25838788051,305.552560891522,41,"deciduous","Russell","Upper Clinch, Tennessee, Virginia","06010205","Dissected Appalachian Plateau","69d"
"70",1671430.13391367,1756100.3286983,"A41","S1400",124.739700696961,124.739700696961,43,"mixed forest","James City","Lower James","02080206","Rolling Coastal Plain","65m"
"71",1675776.00010373,1673804.20758635,"A41","S1400",17.9660810505351,17.9660810505351,42,"evergreen","Southampton","Nottoway","03010201","Mid-Atlantic Flatwoods","63e"
"72",1607744.93388866,1659715.75676396,"A51","S1500",150.826357889249,150.826357889249,42,"evergreen","Brunswick","Meherrin","03010204","Northern Outer Piedmont","45f"
"73",1495260.12436438,1802426.47329489,"A41","S1400",43.5654905051968,43.5654905051968,43,"mixed forest","Albemarle","Rivanna","02080204","Piedmont Uplands","64c"
"74",1518533.94088004,1761170.26049132,"A41","S1500",134.776168399703,8.80240763960487,42,"evergreen","Buckingham","Middle James-Buffalo","02080203","Northern Inner Piedmont","45e"
"75",1604412.45916651,1667374.05147627,"A41","S1500",262.516542512127,252.961448724938,41,"deciduous","Brunswick","Meherrin","03010204","Northern Outer Piedmont","45f"
"76",1390796.17104805,1638931.1987733,"A41","S1400",336.264212745047,287.411882633571,41,"deciduous","Patrick","Upper Dan","03010103","Northern Inner Piedmont","45e"
"77",1503835.19838768,1957126.41975773,"A41","S1400",75.8469030590177,75.8469030590177,41,"deciduous","Frederick","Conococheague-Opequon","02070004","Northern Shale Valleys","67b"
"78",1448517.16841299,1693169.47766619,"A41","S1400",778.803516788805,49.1941188139032,71,"grassland","Bedford","Upper Roanoke","03010101","Northern Inner Piedmont","45e"
"79",1493762.09327396,1777368.14617025,"A41","S1500",152.303212054619,259.002251469885,41,"deciduous","Nelson","Middle James-Buffalo","02080203","Piedmont Uplands","64c"
"80",1461538.02163637,1669883.69666465,"A41","S1740",138.388065974594,364.845539953503,41,"deciduous","Pittsylvania","Banister","03010105","Northern Inner Piedmont","45e"
"81",1581272.48851681,1824427.25896323,"A74","S1740",190.545932916818,182.153246283354,41,"deciduous","Spotsylvania","Pamunkey","02080106","Northern Outer Piedmont","45f"
"82",1163058.01335682,1593655.82894421,"A41","S1500",270.957328505689,158.718247724116,43,"mixed forest","Scott","Upper Clinch, Tennessee, Virginia","06010205","Southern Limestone/Dolomite Valleys and Low Rolling Hills","67f"
"83",1577648.63796775,1870951.82692189,"A74","S1740",46.1084562002528,51.7136774254458,43,"mixed forest","Fauquier","Rapidan-Upper Rappahannock","02080103","Northern Inner Piedmont","45e"
"84",1144022.36107391,1599952.47979283,"A74","S1740",19.8576534313102,52.0949485346818,81,"pasture","Lee","Powell","06010206","Southern Limestone/Dolomite Valleys and Low Rolling Hills","67f"
"85",1501380.67500126,1740059.8921839,"A41","S1500",501.14055691358,494.970937173195,81,"pasture","Appomattox","Middle James-Buffalo","02080203","Northern Inner Piedmont","45e"
"86",1561326.304654,1660033.5881996,"A21","S1200",12.6741771306222,12.6741771305549,21,"developed_open","Mecklenburg","Roanoke Rapids","03010106","Northern Outer Piedmont","45f"
"87",1642506.16640563,1774427.89249684,"A41","S1400",52.9965477964992,52.9965477964992,43,"mixed forest","New Kent","Pamunkey","02080106","Rolling Coastal Plain","65m"
"88",1554339.6200736,1797541.68475704,"A74","S1400",175.648137043728,143.622037929041,81,"pasture","Goochland","Middle James-Willis","02080205","Northern Inner Piedmont","45e"
"89",1432533.6576538,1669871.58981853,"A41","S1740",461.609309154915,27.4189958241147,43,"mixed forest","Franklin","Upper Roanoke","03010101","Northern Inner Piedmont","45e"
"90",1366107.89179438,1615456.71308164,"A41","S1400",158.902048498051,156.580120946688,43,"mixed forest","Patrick","Upper Yadkin","03040101","Northern Inner Piedmont","45e"
"91",1596394.34328731,1709528.85272285,"A41","S1400",173.634864638291,42.9293239629596,82,"crops","Dinwiddie","Nottoway","03010201","Northern Outer Piedmont","45f"
"92",1366952.40370643,1688191.94245087,"A41","S1400",182.68386278135,434.947518531731,41,"deciduous","Montgomery","Upper Roanoke","03010101","Southern Limestone/Dolomite Valleys and Low Rolling Hills","67f"
"93",1652779.4441829,1666331.93591598,"A41","S1200",130.856157725406,323.608641569619,90,"woody wetlands","Southampton","Meherrin","03010204","Rolling Coastal Plain","65m"
"94",1152120.7054125,1591557.17766915,"A41","S1750",396.523367160027,310.636911674079,41,"deciduous","Scott","Upper Clinch, Tennessee, Virginia","06010205","Southern Sandstone Ridges","67h"
"95",1488602.78066717,1910563.71360941,"A41","S1740",60.9487429078367,60.9487429067893,41,"deciduous","Shenandoah","North Fork Shenandoah","02070006","Northern Sandstone Ridges","67c"
"96",1466935.35978962,1844115.52622005,"A41","S1400",79.919808311836,79.919808311836,82,"crops","Rockingham","South Fork Shenandoah","02070005","Northern Limestone/Dolomite Valleys","67a"
"97",1356696.66302084,1650468.2434381,"A41","S1400",230.573766250312,230.573766250312,43,"mixed forest","Floyd","Upper New","05050001","New River Plateau","66c"
"98",1556196.35485837,1915051.94381532,"A41","S1400",257.537977131498,187.029065165482,81,"pasture","Fauquier","Middle Potomac-Catoctin","02070008","Piedmont Uplands","64c"
"99",1471313.24535694,1641409.02989173,"A41","S1400",141.619307835823,141.619307835823,41,"deciduous","Pittsylvania","Lower Dan","03010104","Northern Inner Piedmont","45e"
"100",1383410.1882554,1695132.40801461,"A41","S1500",280.252067832982,35.1440313441791,41,"deciduous","Roanoke","Upper Roanoke","03010101","Southern Limestone/Dolomite Valleys and Low Rolling Hills","67f"
"101",1262596.74701329,1668444.48292183,"A41","S1500",410.942674076195,10.6781540381764,41,"deciduous","Tazewell","Tug","05070201","Dissected Appalachian Plateau","69d"
"102",1420818.10532436,1684675.59976718,"A41","S1500",415.651932443952,80.9814004181907,81,"pasture","Franklin","Upper Roanoke","03010101","Northern Inner Piedmont","45e"
"103",1575437.68707698,1784057.07974134,"A41","S1200",167.515243124001,167.515243124001,41,"deciduous","Goochland","Middle James-Willis","02080205","Northern Outer Piedmont","45f"
"104",1330846.97421649,1625369.80094027,"A41","S1400",398.158071525974,250.937675465169,41,"deciduous","Carroll","Upper New","05050001","New River Plateau","66c"
"105",1101925.5233685,1580652.64670177,"A41","S1400",158.058938252522,119.569816492095,41,"deciduous","Lee","Powell","06010206","Southern Limestone/Dolomite Valleys and Low Rolling Hills","67f"
"106",1561255.78515179,1902831.66545042,"A41","S1400",16.0958381805288,12.8411954039002,21,"developed_open","Fauquier","Middle Potomac-Anacostia-Occoquan","02070010","Piedmont Uplands","64c"
"107",1324217.16443082,1659568.03253288,"A41","S1400",712.085261886213,712.085261886213,41,"deciduous","Wythe","Upper New","05050001","Southern Sandstone Ridges","67h"
"108",1440284.29651432,1782879.96251073,"A41","S1400",29.0968242239178,29.0968242239178,21,"developed_open","Rockbridge","Maury","02080202","Northern Limestone/Dolomite Valleys","67a"
"109",1511207.82797617,1891961.7009834,"A41","S1400",903.821768511959,903.821768511959,41,"deciduous","Page","South Fork Shenandoah","02070005","Northern Sedimentary and Metasedimentary Ridges","66b"
"110",1334075.14271612,1611806.80596982,"A41","S1400",159.098150508581,53.3771350144355,21,"developed_open","Grayson","Upper New","05050001","New River Plateau","66c"
"111",1549693.44076089,1807499.94574193,"A41","S1400",80.6381018544218,80.6381018544218,71,"grassland","Louisa","Pamunkey","02080106","Northern Inner Piedmont","45e"
"112",1612945.96307372,1921349.66483676,"A41","S1400",105.688313999652,4.56840640181658,23,"developed_med","Arlington","Middle Potomac-Anacostia-Occoquan","02070010","Northern Inner Piedmont","45e"
"113",1579043.8145584,1857124.367683,"A41","S1500",390.582390299171,121.391174533777,41,"deciduous","Culpeper","Rapidan-Upper Rappahannock","02080103","Northern Inner Piedmont","45e"
"114",1605029.01631782,1755440.66194055,"A41","S1400",3.48589785494107,3.48589785494107,21,"developed_open","Chesterfield","Lower James","02080206","Northern Outer Piedmont","45f"
"115",1585655.18170135,1692882.11906806,"A41","S1400",11.8991493537188,11.8991493537188,21,"developed_open","Brunswick","Nottoway","03010201","Northern Outer Piedmont","45f"
"116",1524162.73108899,1880948.40758933,"A41","S1400",18.9998221058581,18.9998221058581,81,"pasture","Rappahannock","Rapidan-Upper Rappahannock","02080103","Piedmont Uplands","64c"
"117",1520219.01463364,1735408.82855468,"A41","S1500",392.610238964216,211.410988567044,41,"deciduous","Buckingham","Appomattox","02080207","Northern Inner Piedmont","45e"
"118",1637553.81923822,1796196.01544368,"A41","S1400",67.8577691277951,67.5080948470524,43,"mixed forest","King William","Pamunkey","02080106","Rolling Coastal Plain","65m"
"119",1506508.86153584,1837143.05583733,"A41","S1400",71.5309002915957,71.5309002915957,41,"deciduous","Greene","Rivanna","02080204","Northern Igneous Ridges","66a"
"120",1446955.06493236,1702592.20522501,"A41","S1400",317.998867710111,180.531906038573,41,"deciduous","Bedford","Upper Roanoke","03010101","Northern Inner Piedmont","45e"
"121",1319101.89938802,1662606.80835047,"A41","S1500",602.809670273974,451.655821682679,43,"mixed forest","Bland","Middle New","05050002","Southern Sandstone Ridges","67h"
"122",1199790.47343235,1671908.31798863,"A41","S1400",29.3631866900396,28.4922956495226,41,"deciduous","Buchanan","Upper Levisa","05070202","Dissected Appalachian Plateau","69d"
"123",1501349.59350449,1923379.17204004,"A31","S1200",50.0676240186857,50.0676240186857,41,"deciduous","Shenandoah","North Fork Shenandoah","02070006","Northern Shale Valleys","67b"
"124",1424000.12582569,1685673.04448278,"A41","S1400",20.8088243822106,20.8088243822106,21,"developed_open","Franklin","Upper Roanoke","03010101","Northern Inner Piedmont","45e"
"125",1556560.84536029,1907097.26813039,"A15","S1100",399.41920856365,399.41920856365,41,"deciduous","Fauquier","Middle Potomac-Anacostia-Occoquan","02070010","Piedmont Uplands","64c"
"126",1555885.76293125,1809656.91912155,"A41","S1400",168.121196415489,41.4178148402422,43,"mixed forest","Louisa","Pamunkey","02080106","Northern Inner Piedmont","45e"
"127",1551848.24797645,1687467.86441139,"A41","S1400",65.4347538739967,0.442109529485746,41,"deciduous","Lunenburg","Meherrin","03010204","Carolina Slate Belt","45c"
"128",1506689.64094032,1722397.08238879,"A74","S1500",360.02999287518,72.3006388103664,42,"evergreen","Appomattox","Appomattox","02080207","Northern Inner Piedmont","45e"
"129",1460703.09132307,1825981.55553185,"A41","S1400",443.168281949838,350.711858130632,81,"pasture","Augusta","South Fork Shenandoah","02070005","Northern Limestone/Dolomite Valleys","67a"
"130",1489265.05753326,1893632.21017104,"A41","S1400",204.302696318364,204.302696318364,82,"crops","Shenandoah","North Fork Shenandoah","02070006","Northern Limestone/Dolomite Valleys","67a"
"131",1168002.32633034,1631129.54055955,"A41","S1500",868.128514775909,143.915042176288,31,"barren","Wise","Powell","06010206","Dissected Appalachian Plateau","69d"
"132",1632979.14188366,1675135.39276898,"A74","S1740",30.1856758327207,30.1856758327207,82,"crops","Southampton","Meherrin","03010204","Rolling Coastal Plain","65m"
"133",1334279.31737322,1645555.06369543,"A41","S1400",3.12040662664288,3.12040662664288,43,"mixed forest","Wythe","Upper New","05050001","Southern Sedimentary Ridges","66e"
"134",1615801.89849568,1916494.90701973,"A31","S1200",30.6620461747698,25.8077270576907,21,"developed_open","Alexandria","Middle Potomac-Anacostia-Occoquan","02070010","Chesapeake Rolling Coastal Plain","65n"
"135",1505514.93223116,1899953.16119328,"A41","S1400",317.536490468091,317.536490468091,81,"pasture","Shenandoah","North Fork Shenandoah","02070006","Northern Limestone/Dolomite Valleys","67a"
"136",1656918.91167857,1721502.64704755,"A31","S1200",47.432788853231,47.432788853231,21,"developed_open","Sussex","Blackwater","03010202","Rolling Coastal Plain","65m"
"137",1485432.75390048,1849688.28524091,"A41","S1400",1858.70240323557,1434.3471896046,43,"mixed forest","Rockingham","North Fork Shenandoah","02070006","Northern Sandstone Ridges","67c"
"138",1262974.88935855,1606435.96813274,"A71","S1400",14.450664041869,14.450664041869,43,"mixed forest","Washington","South Fork Holston","06010102","Southern Sedimentary Ridges","66e"
"139",1406351.24839619,1759526.62840407,"A41","S1400",15.5069941054958,8.97076194158494,21,"developed_open","Botetourt","Upper James","02080201","Northern Shale Valleys","67b"
"140",1306132.60412018,1666581.63655464,"A74","S1740",282.001325091998,294.820269592425,43,"mixed forest","Bland","Middle New","05050002","Southern Sandstone Ridges","67h"
"141",1521927.97168385,1880663.29514718,"A41","S1740",281.666569023787,156.523087150363,43,"mixed forest","Rappahannock","Rapidan-Upper Rappahannock","02080103","Piedmont Uplands","64c"
"142",1304278.62109376,1639305.34917649,"A41","S1400",176.993582109819,176.993582109819,41,"deciduous","Wythe","Upper New","05050001","Southern Shale Valleys","67g"
"143",1750761.73772659,1795653.651079,"A74","S1500",380.549126433518,380.549126433518,82,"crops","Northampton","Pokomoke-Western Lower Delmarva","02080111","Delmarva Uplands","63f"
"144",1515291.39785964,1902029.07739865,"A41","S1400",13.4892036642949,13.4892036642949,21,"developed_open","Warren","South Fork Shenandoah","02070005","Northern Shale Valleys","67b"
"145",1567967.50224212,1945388.71274383,"A41","S1400",473.49373623678,105.42059020084,41,"deciduous","Loudoun","Middle Potomac-Catoctin","02070008","Northern Sedimentary and Metasedimentary Ridges","66b"
"146",1241839.99536069,1655802.93197535,"A41","S1400",198.385716515665,126.645179758466,41,"deciduous","Tazewell","Upper Clinch, Tennessee, Virginia","06010205","Dissected Appalachian Plateau","69d"
"147",1454759.4753358,1691601.01748329,"A74","S1400",13.6391332808965,42.4449119037979,41,"deciduous","Campbell","Upper Roanoke","03010101","Northern Inner Piedmont","45e"
"148",1582556.56186383,1866884.6460613,"A41","S1400",467.091470802462,471.075743220224,41,"deciduous","Stafford","Lower Potomac","02070011","Northern Inner Piedmont","45e"
"149",1409726.05607873,1814630.3217438,"A74","S1500",1045.1924775314,1345.21640181083,41,"deciduous","Highland","Upper James","02080201","Northern Sandstone Ridges","67c"
"150",1617089.5106108,1763145.4804492,"A41","S1400",780.476731839837,780.476731839837,43,"mixed forest","Henrico","Lower James","02080206","Rolling Coastal Plain","65m"
"151",1492683.36758777,1829179.39362276,"A41","S1400",1285.78575636921,1285.78575636921,41,"deciduous","Rockingham","South Fork Shenandoah","02070005","Northern Sedimentary and Metasedimentary Ridges","66b"
"152",1512520.09243685,1762965.94949863,"A51","S1500",168.720418910124,42.5184430761735,52,"shrub","Buckingham","Middle James-Buffalo","02080203","Northern Inner Piedmont","45e"
"153",1514171.39988014,1692374.38318356,"A41","S1400",97.050808857568,97.050808857568,81,"pasture","Charlotte","Middle Roanoke","03010102","Northern Inner Piedmont","45e"
"154",1576694.13425924,1737688.0611704,"A74","S1500",18.4246613799794,98.7257164426632,43,"mixed forest","Amelia","Appomattox","02080207","Northern Outer Piedmont","45f"
"155",1458986.79679485,1872114.06826938,"A41","S1500",1623.17000575343,1047.58550438366,41,"deciduous","Rockingham","North Fork Shenandoah","02070006","Northern Dissected Ridges and Knobs","67d"
"156",1518445.1382597,1639983.99682353,"A74","S1500",549.223774802368,43.5171336991521,42,"evergreen","Halifax","Lower Dan","03010104","Carolina Slate Belt","45c"
"157",1597484.87607906,1906171.98054076,"A41","S1400",59.0121124234831,59.0121124234831,43,"mixed forest","Fairfax","Middle Potomac-Anacostia-Occoquan","02070010","Northern Inner Piedmont","45e"
"158",1547533.54280053,1690373.69333039,"A41","S1500",562.620877181501,381.784907526534,52,"shrub","Lunenburg","Meherrin","03010204","Carolina Slate Belt","45c"
"159",1350282.21257435,1632052.02571748,"A41","S1740",172.967957717231,103.810580870382,41,"deciduous","Carroll","Upper New","05050001","New River Plateau","66c"
"160",1561943.999214,1792428.5719037,"A41","S1400",35.0212059117857,35.0212059117907,41,"deciduous","Goochland","Middle James-Willis","02080205","Northern Outer Piedmont","45f"
"161",1557615.39515204,1765860.34926595,"A41","S1400",208.123872525088,208.123872525088,42,"evergreen","Powhatan","Middle James-Willis","02080205","Northern Outer Piedmont","45f"
"162",1433763.02925156,1774027.41945403,"A41","S1400",300.536168007273,293.576636992384,41,"deciduous","Rockbridge","Maury","02080202","Northern Limestone/Dolomite Valleys","67a"
"163",1506970.23897897,1679759.31114208,"A41","S1500",147.344599476508,117.223930331808,43,"mixed forest","Halifax","Middle Roanoke","03010102","Northern Inner Piedmont","45e"
"164",1292770.11339451,1635505.50761319,"A41","S1400",100.514519955022,23.1202127832037,81,"pasture","Wythe","Upper New","05050001","Southern Shale Valleys","67g"
"165",1745719.581644,1775132.30088151,"A41","S1400",87.7123357630659,87.7123357630659,82,"crops","Northampton","Pokomoke-Western Lower Delmarva","02080111","Delmarva Uplands","63f"
"166",1728717.3360779,1700139.50551762,"A41","S1400",44.5534599678732,6.5097057766924,22,"developed_light","Chesapeake","Hampton Roads","02080208","Chesapeake-Pamlico Lowlands and Tidal Marshes","63b"
"167",1621900.74529778,1816919.62376648,"A41","S1400",873.076072899823,36.571905242973,82,"crops","Caroline","Mattaponi","02080105","Rolling Coastal Plain","65m"
"168",1545592.02453336,1716431.78374228,"A74","S1500",228.762357859681,246.536651413331,41,"deciduous","Prince Edward","Appomattox","02080207","Northern Outer Piedmont","45f"
"169",1501667.14736556,1933830.05027957,"A41","S1400",102.098249454804,102.098249454804,41,"deciduous","Frederick","Conococheague-Opequon","02070004","Northern Limestone/Dolomite Valleys","67a"
"170",1528510.6533012,1755581.46103822,"A41","S1750",14.4998217817501,14.4998217817501,21,"developed_open","Buckingham","Middle James-Willis","02080205","Northern Inner Piedmont","45e"
"171",1472274.82170325,1743172.69423198,"A21","S1200",114.074112798547,114.074112798547,81,"pasture","Amherst","Middle James-Buffalo","02080203","Northern Inner Piedmont","45e"
"172",1407484.92662976,1744758.83890046,"A41","S1740",9.82493234748496,92.849775019592,43,"mixed forest","Botetourt","Upper James","02080201","Northern Shale Valleys","67b"
"173",1679095.80249944,1688491.45735194,"A41","S1400",562.818797469679,452.326115259781,42,"evergreen","Isle of Wight","Blackwater","03010202","Mid-Atlantic Flatwoods","63e"
"174",1641763.3524809,1670329.3050832,"A74","S1740",0.778381897562728,0.778381897562728,21,"developed_open","Southampton","Meherrin","03010204","Rolling Coastal Plain","65m"
"175",1669493.81301315,1675756.01414487,"A41","S1740",299.013768061665,176.681326513723,82,"crops","Southampton","Nottoway","03010201","Mid-Atlantic Flatwoods","63e"
"176",1669404.27563267,1768863.08041436,"A41","S1400",247.886705814194,266.387809089681,42,"evergreen","James City","York","02080107","Rolling Coastal Plain","65m"
"177",1446976.25002647,1676711.41666803,"A74","S1740",135.538191091854,186.185188097424,43,"mixed forest","Pittsylvania","Upper Roanoke","03010101","Northern Inner Piedmont","45e"
"178",1425574.17438351,1784598.75107542,"A41","S1400",908.698972614135,507.406498703524,41,"deciduous","Rockbridge","Maury","02080202","Northern Shale Valleys","67b"
"179",1643695.63203738,1789632.39527102,"A41","S1400",63.7488129310985,63.7488129310985,41,"deciduous","King William","Pamunkey","02080106","Rolling Coastal Plain","65m"
"180",1600061.38973171,1679009.80531367,"A41","S1400",193.025916549816,193.025916549816,42,"evergreen","Brunswick","Meherrin","03010204","Northern Outer Piedmont","45f"
"181",1452267.67952698,1815555.40796706,"A41","S1400",16.684199441955,16.684199441955,41,"deciduous","Augusta","South Fork Shenandoah","02070005","Northern Limestone/Dolomite Valleys","67a"
"182",1542305.93211634,1914538.56740408,"A21","S1200",54.0950733572361,54.0950733572361,43,"mixed forest","Fauquier","Middle Potomac-Catoctin","02070008","Piedmont Uplands","64c"
"183",1513614.39879339,1701086.87362283,"A41","S1400",60.688588824796,60.688588824796,82,"crops","Charlotte","Middle Roanoke","03010102","Northern Inner Piedmont","45e"
"184",1366071.17729984,1675475.42777239,"A74","S1400",138.791635960535,138.791635960535,81,"pasture","Montgomery","Upper Roanoke","03010101","Southern Limestone/Dolomite Valleys and Low Rolling Hills","67f"
"185",1373425.39330945,1631245.50017749,"A41","S1400",128.105632005125,128.105632005125,41,"deciduous","Patrick","Upper Dan","03010103","New River Plateau","66c"
"186",1523977.2903662,1913709.29953468,"A41","S1400",89.8526434584149,43.4371049752105,81,"pasture","Warren","Shenandoah","02070007","Northern Limestone/Dolomite Valleys","67a"
"187",1538131.72712074,1676493.3774638,"A74","S1500",193.665319028334,193.665319028334,81,"pasture","Mecklenburg","Meherrin","03010204","Carolina Slate Belt","45c"
"188",1422137.90940373,1729439.70567151,"A41","S1750",2.38734725188522,2.38734725188522,41,"deciduous","Botetourt","Upper James","02080201","Northern Sedimentary and Metasedimentary Ridges","66b"
"189",1391359.61255233,1796429.01047865,"A41","S1400",1011.989959891,1011.989959891,41,"deciduous","Bath","Upper James","02080201","Northern Dissected Ridges and Knobs","67d"
"190",1738983.59509978,1709660.10738174,"A41","S1400",197.627485841862,197.627485841862,11,"water","Virginia Beach","Hampton Roads","02080208","Chesapeake-Pamlico Lowlands and Tidal Marshes","63b"
"191",1540673.42800137,1823091.69018286,"A41","S1400",10.1362405349606,102.627646300868,41,"deciduous","Louisa","Pamunkey","02080106","Northern Inner Piedmont","45e"
"192",1516985.59063966,1840637.0838796,"A41","S1500",158.246451420876,158.246451420876,43,"mixed forest","Madison","Rapidan-Upper Rappahannock","02080103","Piedmont Uplands","64c"
"193",1264716.83746549,1665686.24665156,"A41","S1400",231.524999247368,266.80171254596,41,"deciduous","Tazewell","Tug","05070201","Dissected Appalachian Plateau","69d"
"194",1647010.35119918,1769171.7149701,"A41","S1500",337.820329056251,481.143197840159,71,"grassland","New Kent","Lower James","02080206","Rolling Coastal Plain","65m"
"195",1543137.30896634,1730002.70124031,"A41","S1710",629.746646255648,189.804790053642,41,"deciduous","Cumberland","Appomattox","02080207","Northern Outer Piedmont","45f"
"196",1470083.38228628,1735909.47686963,"A41","S1400",162.959963883588,162.959963883588,41,"deciduous","Amherst","Middle James-Buffalo","02080203","Northern Inner Piedmont","45e"
"197",1524635.68851517,1885649.98495457,"A70","S1400",384.868012671508,200.244399540717,41,"deciduous","Rappahannock","Rapidan-Upper Rappahannock","02080103","Northern Igneous Ridges","66a"
"198",1560542.83661415,1743751.77651371,"A41","S1400",355.521725652902,148.231110388712,42,"evergreen","Amelia","Appomattox","02080207","Northern Outer Piedmont","45f"
"199",1645712.74095795,1821728.17049941,"A41","S1400",67.6772365254397,67.6772365254397,82,"crops","Essex","Lower Rappahannock","02080104","Rolling Coastal Plain","65m"
"200",1518198.59259797,1783306.37070583,"A41","S1400",80.7194011953877,80.7194011953877,43,"mixed forest","Albemarle","Middle James-Buffalo","02080203","Northern Inner Piedmont","45e"
"201",1584017.26811896,1702092.34222978,"A41","S1500",381.919843623575,125.504418758334,43,"mixed forest","Nottoway","Nottoway","03010201","Northern Outer Piedmont","45f"
"202",1529143.1039674,1789850.08246979,"A41","S1400",637.210711116736,637.210711116736,41,"deciduous","Fluvanna","Rivanna","02080204","Northern Inner Piedmont","45e"
"203",1431650.21765984,1744792.60347449,"A41","S1400",279.816369071844,279.816369071844,41,"deciduous","Rockbridge","Upper James","02080201","Northern Limestone/Dolomite Valleys","67a"
"204",1336001.99549752,1660422.70813624,"A21","S1200",204.671072343688,204.671072343688,41,"deciduous","Pulaski","Upper New","05050001","Southern Sandstone Ridges","67h"
"205",1426660.21681115,1680844.81130696,"A41","S1740",238.216138877574,313.967608877703,43,"mixed forest","Franklin","Upper Roanoke","03010101","Northern Inner Piedmont","45e"
"206",1161954.00849303,1619934.91408127,"A51","S1500",205.320597401099,202.080791516206,41,"deciduous","Wise","Powell","06010206","Dissected Appalachian Plateau","69d"
"207",1426597.26125635,1690782.3818303,"A74","S1740",123.710004949409,123.710004949409,11,"water","Bedford","Upper Roanoke","03010101","Northern Inner Piedmont","45e"
"208",1601083.66983792,1856218.82624743,"A41","S1400",222.52679815269,330.891583990164,81,"pasture","Stafford","Lower Rappahannock","02080104","Rolling Coastal Plain","65m"
"209",1416043.87821957,1718795.47452749,"A31","S1200",47.9476741498416,47.9476741498416,71,"grassland","Bedford","Upper Roanoke","03010101","Northern Sedimentary and Metasedimentary Ridges","66b"
"210",1241283.18090302,1614847.79209855,"A41","S1740",48.1501272599496,187.594681197773,41,"deciduous","Washington","South Fork Holston","06010102","Southern Limestone/Dolomite Valleys and Low Rolling Hills","67f"
"211",1422631.50330312,1772317.02693186,"A51","S1500",65.7122658546115,34.9346572479741,41,"deciduous","Rockbridge","Maury","02080202","Northern Sandstone Ridges","67c"
"212",1659041.09358469,1808794.33260615,"A41","S1400",179.337701200323,179.337701200323,90,"woody wetlands","Essex","Great Wicomico-Piankatank","02080102","Rolling Coastal Plain","65m"
"213",1428024.71667623,1630884.57933544,"A74","S1400",326.803055653935,235.572480872378,42,"evergreen","Henry","Upper Dan","03010103","Northern Inner Piedmont","45e"
"214",1625352.64629984,1768829.83137088,"A41","S1400",0.916795030020806,176.203536306884,22,"developed_light","Henrico","Lower James","02080206","Rolling Coastal Plain","65m"
"215",1586053.47737422,1677413.58062089,"A41","S1400",423.100442049957,417.004114881329,71,"grassland","Brunswick","Meherrin","03010204","Northern Outer Piedmont","45f"
"216",1670598.49206019,1667612.87651656,"A41","S1400",319.93755315746,319.93755315746,52,"shrub","Southampton","Nottoway","03010201","Mid-Atlantic Flatwoods","63e"
"217",1554255.69577072,1775717.89594481,"A41","S1740",307.929125258904,73.2812317092754,41,"deciduous","Cumberland","Middle James-Willis","02080205","Northern Outer Piedmont","45f"
"218",1512762.99728046,1824608.93289108,"A41","S1500",499.855274202424,206.150546878916,41,"deciduous","Albemarle","Rivanna","02080204","Piedmont Uplands","64c"
"219",1395402.84508395,1736220.99453066,"A41","S1740",257.334186676193,257.334186676193,43,"mixed forest","Botetourt","Upper James","02080201","Northern Sandstone Ridges","67c"
"220",1431923.89507439,1723148.19742389,"A31","S1400",303.533566542819,144.077108051139,41,"deciduous","Bedford","Upper Roanoke","03010101","Northern Igneous Ridges","66a"
"221",1640702.81961899,1715846.89967737,"A41","S1400",8.37457425563907,8.37457425563907,22,"developed_light","Sussex","Nottoway","03010201","Rolling Coastal Plain","65m"
"222",1382473.53546278,1679288.4791141,"A41","S1400",408.77627087724,370.754054178457,41,"deciduous","Montgomery","Upper Roanoke","03010101","Southern Sedimentary Ridges","66e"
"223",1637079.33693984,1839630.98667203,"A41","S1500",435.615055131411,252.904960244012,43,"mixed forest","Westmoreland","Lower Rappahannock","02080104","Rolling Coastal Plain","65m"
"224",1704377.80990697,1757243.22716893,"A41","S1400",121.672603446621,85.0411641841169,90,"woody wetlands","Gloucester","Great Wicomico-Piankatank","02080102","Chesapeake-Pamlico Lowlands and Tidal Marshes","63b"
"225",1553171.93338543,1959540.65277333,"A41","S1400",186.925481060545,186.925481060545,42,"evergreen","Loudoun","Middle Potomac-Catoctin","02070008","Northern Igneous Ridges","66a"
"226",1596290.90587783,1893847.58260951,"A41","S1400",82.2214088484098,62.3651992158339,24,"developed_high","Prince William","Middle Potomac-Anacostia-Occoquan","02070010","Northern Inner Piedmont","45e"
"227",1434629.14311164,1800325.83285777,"A41","S1500",938.316078613446,151.070480186204,41,"deciduous","Augusta","Maury","02080202","Northern Dissected Ridges and Knobs","67d"
"228",1520601.34396872,1942327.28053372,"A41","S1400",44.4381918362678,44.4381918362678,21,"developed_open","Frederick","Conococheague-Opequon","02070004","Northern Shale Valleys","67b"
"229",1661639.06680518,1811686.39138745,"A41","S1400",33.6753044764281,33.6753044764281,71,"grassland","Essex","Lower Rappahannock","02080104","Rolling Coastal Plain","65m"
"230",1503641.31118891,1874851.04001609,"A41","S1400",64.6483139950897,64.6483139950897,81,"pasture","Page","South Fork Shenandoah","02070005","Northern Limestone/Dolomite Valleys","67a"
"231",1575365.4199886,1662675.86548715,"A41","S1400",244.385497656281,219.873901554042,43,"mixed forest","Mecklenburg","Roanoke Rapids","03010106","Northern Outer Piedmont","45f"
"232",1470386.92590433,1723225.22654496,"A21","S1100",91.7734151333913,37.1072493732753,22,"developed_light","Lynchburg","Middle James-Buffalo","02080203","Northern Inner Piedmont","45e"
"233",1480328.81820587,1831263.15086541,"A31","S1400",187.925684864359,187.925684864359,81,"pasture","Rockingham","South Fork Shenandoah","02070005","Northern Limestone/Dolomite Valleys","67a"
"234",1431151.58902071,1779012.02898992,"A41","S1500",1017.03782264859,554.716982278037,41,"deciduous","Rockbridge","Maury","02080202","Northern Sandstone Ridges","67c"
"235",1579349.16780903,1795621.66577051,"A41","S1740",268.606432641483,283.77014565142,43,"mixed forest","Louisa","Pamunkey","02080106","Northern Outer Piedmont","45f"
"236",1501264.99632462,1795578.61992239,"A41","S1400",99.3542025685111,99.3542025685111,81,"pasture","Albemarle","Middle James-Buffalo","02080203","Piedmont Uplands","64c"
"237",1505771.7916393,1642653.74396725,"A41","S1400",22.012482432377,30.0476681949698,22,"developed_light","Halifax","Lower Dan","03010104","Northern Inner Piedmont","45e"
"238",1550041.37907627,1675013.95760134,"A41","S1500",49.6756198713718,55.411563139166,81,"pasture","Mecklenburg","Meherrin","03010204","Carolina Slate Belt","45c"
"239",1442997.75884334,1849349.00706285,"A41","S1400",394.085867247106,394.085867247106,41,"deciduous","Rockingham","South Fork Shenandoah","02070005","Northern Dissected Ridges and Knobs","67d"
"240",1536666.8828598,1823747.61855009,"A31","S1200",5.15137417412389,5.15137417412389,21,"developed_open","Orange","Pamunkey","02080106","Northern Inner Piedmont","45e"
"241",1361697.00553681,1658438.06116548,"A41","S1400",153.306383423438,153.306383423438,41,"deciduous","Floyd","Upper New","05050001","New River Plateau","66c"
"242",1402955.16075383,1811780.26096143,"A41","S1500",643.729916987336,320.366313727696,41,"deciduous","Highland","Upper James","02080201","Northern Sandstone Ridges","67c"
"243",1459065.25301278,1628510.41023979,"A41","S1400",41.5270877555979,41.5270877555979,21,"developed_open","Danville","Upper Dan","03010103","Northern Inner Piedmont","45e"
"244",1462672.88446657,1750456.5120354,"A41","S1740",499.978290135195,454.879601299019,41,"deciduous","Amherst","Middle James-Buffalo","02080203","Northern Igneous Ridges","66a"
"245",1705037.04943793,1712123.82370747,"A74","S1740",86.8169103992126,86.8169103992126,82,"crops","Suffolk","Lower James","02080206","Chesapeake-Pamlico Lowlands and Tidal Marshes","63b"
"246",1626980.58461533,1669331.98623293,"A41","S1400",310.120482826495,123.774804167716,90,"woody wetlands","Greensville","Meherrin","03010204","Rolling Coastal Plain","65m"
"247",1281221.83770088,1657388.6654717,"A41","S1500",1604.63711433605,770.713818361897,41,"deciduous","Tazewell","Middle New","05050002","Southern Sandstone Ridges","67h"
"248",1440365.42448339,1812715.503436,"A41","S1400",939.698316714282,939.698316714282,43,"mixed forest","Augusta","Maury","02080202","Northern Dissected Ridges and Knobs","67d"
"249",1657904.1317897,1799435.39371771,"A41","S1400",67.2438818042159,67.2438818042159,42,"evergreen","King and Queen","Mattaponi","02080105","Rolling Coastal Plain","65m"
"250",1376651.99219815,1760084.22083883,"A41","S1400",772.822206675936,772.822206675936,41,"deciduous","Alleghany","Upper James","02080201","Northern Dissected Ridges and Knobs","67d"
"251",1467129.45239467,1758429.65816086,"A41","S1400",22.9966832531138,22.9966832531138,21,"developed_open","Amherst","Middle James-Buffalo","02080203","Northern Inner Piedmont","45e"
"252",1456450.64776182,1673228.80697861,"A31","S1740",116.86059187304,67.0789451308162,41,"deciduous","Pittsylvania","Banister","03010105","Northern Inner Piedmont","45e"
"253",1413453.6446358,1724198.01980746,"A41","S1740",125.303735551946,324.847066222385,43,"mixed forest","Botetourt","Upper James","02080201","Southern Shale Valleys","67g"
"254",1757710.60191681,1700233.91312726,"A41","S1400",107.396577918224,107.396577918224,82,"crops","Virginia Beach","Albemarle","03010205","Chesapeake-Pamlico Lowlands and Tidal Marshes","63b"
"255",1704889.74423578,1772075.17159555,"A41","S1400",0.284596395979376,80.5462831142034,42,"evergreen","Gloucester","Great Wicomico-Piankatank","02080102","Chesapeake-Pamlico Lowlands and Tidal Marshes","63b"
"256",1564733.64000454,1831837.57077632,"A41","S1400",458.321248090954,273.280902158584,81,"pasture","Spotsylvania","Pamunkey","02080106","Northern Inner Piedmont","45e"
"257",1333184.12881467,1685471.56986226,"A41","S1400",255.384314955625,255.384314955625,41,"deciduous","Giles","Middle New","05050002","Southern Limestone/Dolomite Valleys and Low Rolling Hills","67f"
"258",1685162.23364365,1780080.8584885,"A74","S1400",254.860015100785,153.899041024268,42,"evergreen","Gloucester","York","02080107","Rolling Coastal Plain","65m"
"259",1632926.46888878,1738270.58328685,"A41","S1400",264.880416282061,256.192723028846,43,"mixed forest","Prince George","Lower James","02080206","Rolling Coastal Plain","65m"
"260",1559835.47470276,1856778.54532511,"A41","S1400",116.55372304422,116.55372304422,81,"pasture","Culpeper","Rapidan-Upper Rappahannock","02080103","Triassic Lowlands","64a"
"261",1598228.28809855,1747376.62653583,"A41","S1400",126.73037950267,7.80723738825386,22,"developed_light","Chesterfield","Appomattox","02080207","Northern Outer Piedmont","45f"
"262",1618878.81449842,1825077.96940991,"A41","S1400",161.884412189778,161.884412189778,82,"crops","Caroline","Mattaponi","02080105","Rolling Coastal Plain","65m"
"263",1398496.60489136,1813395.39911888,"A41","S1500",149.544173346018,37.7970598343824,41,"deciduous","Highland","Upper James","02080201","Northern Dissected Ridges and Knobs","67d"
"264",1425464.96290232,1771041.16123544,"A74","S1740",156.241096076599,156.241096076802,81,"pasture","Rockbridge","Maury","02080202","Northern Sandstone Ridges","67c"
"265",1458369.50863884,1713827.12847861,"A21","S1400",355.291930570813,237.525098258104,81,"pasture","Bedford","Upper Roanoke","03010101","Northern Inner Piedmont","45e"
"266",1618735.52190302,1689551.24723421,"A74","S1500",434.119722720545,111.265780282932,90,"woody wetlands","Greensville","Nottoway","03010201","Rolling Coastal Plain","65m"
"267",1455051.27618062,1838661.05836553,"A41","S1400",283.621351668477,283.621351668477,82,"crops","Rockingham","South Fork Shenandoah","02070005","Northern Limestone/Dolomite Valleys","67a"
"268",1534697.8068422,1837801.29660546,"A41","S1400",56.7093381751756,47.8816428206842,81,"pasture","Madison","Rapidan-Upper Rappahannock","02080103","Piedmont Uplands","64c"
"269",1434737.83503578,1822351.43695266,"A21","S1200",140.19146014713,140.19146014713,41,"deciduous","Augusta","Maury","02080202","Northern Dissected Ridges and Knobs","67d"
"270",1190528.27850664,1617552.50048967,"A41","S1400",74.808885338822,74.808885338822,41,"deciduous","Scott","Upper Clinch, Tennessee, Virginia","06010205","Southern Limestone/Dolomite Valleys and Low Rolling Hills","67f"
"271",1359700.72494349,1695985.309162,"A41","S1400",567.074408936881,567.074408936881,41,"deciduous","Montgomery","Upper James","02080201","Southern Sandstone Ridges","67h"
"272",1524454.916295,1689558.21656113,"A41","S1500",670.846850323812,67.2502623888511,43,"mixed forest","Charlotte","Middle Roanoke","03010102","Northern Outer Piedmont","45f"
"273",1626119.65424309,1808662.22329725,"A64","S1740",91.5389364205081,91.5389364205081,42,"evergreen","King William","Mattaponi","02080105","Rolling Coastal Plain","65m"
"274",1632854.393981,1838106.6631095,"A74","S1400",246.426445807229,470.40474235647,82,"crops","Essex","Lower Rappahannock","02080104","Rolling Coastal Plain","65m"
"275",1183794.86150026,1598233.02669192,"A41","S1500",793.554841957329,158.516789440364,41,"deciduous","Scott","Upper Clinch, Tennessee, Virginia","06010205","Southern Limestone/Dolomite Valleys and Low Rolling Hills","67f"
"276",1292866.90775595,1638646.70921475,"A41","S1400",81.8235297517265,81.8235297517265,81,"pasture","Wythe","Upper New","05050001","Southern Limestone/Dolomite Valleys and Low Rolling Hills","67f"
"277",1490660.44050987,1829208.6023623,"A41","S1400",275.768017818406,2564.05795238385,41,"deciduous","Rockingham","South Fork Shenandoah","02070005","Northern Sedimentary and Metasedimentary Ridges","66b"
"278",1450202.54031592,1736742.1997284,"A21","S1200",134.311056783951,134.311056783951,95,"emergent wetlands","Bedford","Middle James-Buffalo","02080203","Northern Inner Piedmont","45e"
"279",1404107.42205096,1627750.13598457,"A41","S1400",362.447693984113,392.079704498087,41,"deciduous","Patrick","Upper Dan","03010103","Northern Inner Piedmont","45e"
"280",1706301.40884391,1828573.437689,"A41","S1400",61.0758867694687,61.0758867694687,82,"crops","Northumberland","Great Wicomico-Piankatank","02080102","Chesapeake-Pamlico Lowlands and Tidal Marshes","63b"
"281",1561394.59505723,1900072.73515135,"A41","S1400",11.4444914134085,3.02056086912222,21,"developed_open","Fauquier","Middle Potomac-Anacostia-Occoquan","02070010","Piedmont Uplands","64c"
"282",1627804.11504345,1780335.89238644,"A41","S1400",60.4184579312967,60.4184579312967,82,"crops","Hanover","Pamunkey","02080106","Rolling Coastal Plain","65m"
"283",1686470.63620506,1685485.42067356,"A41","S1400",156.666902053457,156.666902053457,82,"crops","Suffolk","Blackwater","03010202","Mid-Atlantic Flatwoods","63e"
"284",1219540.98593549,1678118.48357369,"A74","S1500",28.4670500700176,17.2025668339307,41,"deciduous","Buchanan","Upper Levisa","05070202","Dissected Appalachian Plateau","69d"
"285",1709275.71575677,1778725.73221593,"A74","S1750",55.1330504674359,55.1330504674359,42,"evergreen","Mathews","Great Wicomico-Piankatank","02080102","Chesapeake-Pamlico Lowlands and Tidal Marshes","63b"
"286",1508130.08038823,1955935.55988558,"A41","S1400",388.169972825325,268.948484792925,41,"deciduous","Frederick","Conococheague-Opequon","02070004","Northern Shale Valleys","67b"
"287",1178643.55108449,1611745.28033428,"A41","S1400",257.953660639001,257.953660639001,41,"deciduous","Scott","Upper Clinch, Tennessee, Virginia","06010205","Southern Limestone/Dolomite Valleys and Low Rolling Hills","67f"
"288",1486025.06086494,1650882.46420424,"A74","S1500",394.204130364627,102.703246338654,43,"mixed forest","Halifax","Lower Dan","03010104","Northern Inner Piedmont","45e"
"289",1392437.27969408,1805564.58352808,"A41","S1400",286.971995374677,286.971995374677,41,"deciduous","Bath","Upper James","02080201","Northern Dissected Ridges and Knobs","67d"
"290",1573421.51162834,1676465.05368359,"A41","S1400",631.809275256454,202.479094960017,90,"woody wetlands","Mecklenburg","Meherrin","03010204","Northern Outer Piedmont","45f"
"291",1634684.38888502,1720252.01911701,"A41","S1400",80.1597185882597,115.70748319719,42,"evergreen","Prince George","Nottoway","03010201","Rolling Coastal Plain","65m"
"292",1537405.64760305,1781192.44008895,"A41","S1400",12.8930206630945,12.8930206630994,41,"deciduous","Fluvanna","Rivanna","02080204","Northern Inner Piedmont","45e"
"293",1516255.55272419,1939858.96926178,"A41","S1400",117.655540309892,86.646566337747,41,"deciduous","Winchester","Conococheague-Opequon","02070004","Northern Limestone/Dolomite Valleys","67a"
"294",1505493.23133543,1674243.56148772,"A74","S1740",1.98702496817492,1.98702496817492,81,"pasture","Halifax","Middle Roanoke","03010102","Northern Inner Piedmont","45e"
"295",1573469.15021004,1747142.14425738,"A41","S1400",325.64108748596,94.8734641640574,42,"evergreen","Amelia","Appomattox","02080207","Northern Outer Piedmont","45f"
"296",1576264.04698476,1751788.65332257,"A74","S1500",560.263847508253,499.63531086551,42,"evergreen","Amelia","Appomattox","02080207","Northern Outer Piedmont","45f"
"297",1607020.26200812,1796244.81770174,"A11","S1100",35.1713536125134,17.0307342709673,22,"developed_light","Hanover","Pamunkey","02080106","Rolling Coastal Plain","65m"
"298",1326183.14514888,1666232.10611554,"A41","S1400",667.120789450818,667.120789450818,41,"deciduous","Pulaski","Upper New","05050001","Southern Sandstone Ridges","67h"
"299",1508195.14045934,1897334.06399597,"A41","S1740",182.121728606331,239.104150857369,41,"deciduous","Warren","South Fork Shenandoah","02070005","Northern Shale Valleys","67b"
"300",1274534.29519874,1625416.75206162,"A41","S1400",299.084348225943,299.084348225943,41,"deciduous","Smyth","South Fork Holston","06010102","Southern Sedimentary Ridges","66e"
"301",1640604.55508415,1793584.41426566,"A41","S1400",580.675026236521,425.552704685762,42,"evergreen","King William","Pamunkey","02080106","Rolling Coastal Plain","65m"
"302",1597475.77387048,1678371.96607042,"A41","S1400",131.15943225276,131.15943225276,42,"evergreen","Brunswick","Meherrin","03010204","Northern Outer Piedmont","45f"
"303",1636111.14399685,1793595.26617921,"A41","S1500",430.223539056359,48.3470792664094,43,"mixed forest","King William","Pamunkey","02080106","Rolling Coastal Plain","65m"
"304",1756324.87515792,1798540.73759037,"A74","S1740",379.996600005816,379.996600005816,95,"emergent wetlands","Accomack","Eastern Lower Delmarva","02040304","Virginian Barrier Islands and Coastal Marshes","63d"
"305",1387383.73335984,1757326.15825725,"A41","S1400",43.1739929680168,43.1739929680168,21,"developed_open","Alleghany","Upper James","02080201","Southern Shale Valleys","67g"
"306",1502630.73058673,1697610.26771817,"A41","S1400",21.3241604356712,4.00823533077626,21,"developed_open","Charlotte","Middle Roanoke","03010102","Northern Inner Piedmont","45e"
"307",1768244.36898057,1824110.32845829,"A74","S1400",124.004508528242,1.71682105391434,82,"crops","Accomack","Eastern Lower Delmarva","02040304","Virginian Barrier Islands and Coastal Marshes","63d"
"308",1631571.44204123,1794569.29595275,"A74","S1500",865.951257896123,311.743231542738,43,"mixed forest","King William","Pamunkey","02080106","Rolling Coastal Plain","65m"
"309",1571632.2177008,1895456.67532959,"A41","S1400",203.436947000546,203.436947000546,43,"mixed forest","Fauquier","Middle Potomac-Anacostia-Occoquan","02070010","Triassic Lowlands","64a"
"310",1460069.80515296,1698524.76110898,"A41","S1740",469.888507431314,475.599641981005,81,"pasture","Campbell","Upper Roanoke","03010101","Northern Inner Piedmont","45e"
"311",1244763.62554033,1666387.49597101,"A41","S1400",60.3995286991125,60.3995286991125,41,"deciduous","Buchanan","Upper Levisa","05070202","Dissected Appalachian Plateau","69d"
"312",1520076.81764724,1918286.56661268,"A74","S1740",265.450066927176,265.450066927176,41,"deciduous","Warren","Shenandoah","02070007","Northern Shale Valleys","67b"
"313",1540904.99027109,1861532.79836964,"A41","S1400",94.799979240032,94.799979240032,43,"mixed forest","Culpeper","Rapidan-Upper Rappahannock","02080103","Piedmont Uplands","64c"
"314",1431277.08507247,1812885.57933303,"A41","S1500",614.581487757041,351.666801918238,41,"deciduous","Augusta","Maury","02080202","Northern Shale Valleys","67b"
"315",1414423.34057147,1679673.8637456,"A41","S1400",139.943857491242,276.13705292483,43,"mixed forest","Franklin","Upper Roanoke","03010101","Northern Inner Piedmont","45e"
"316",1553033.73724962,1943304.77083218,"A41","S1740",19.9610465782607,19.9610465782607,81,"pasture","Loudoun","Middle Potomac-Catoctin","02070008","Piedmont Uplands","64c"
"317",1484347.36655232,1722541.45771309,"A41","S1400",166.317458489315,166.317458489315,42,"evergreen","Campbell","Middle James-Buffalo","02080203","Northern Inner Piedmont","45e"
"318",1558927.67414465,1779459.76749976,"A41","S1400",16.194641950496,16.194641950496,21,"developed_open","Goochland","Middle James-Willis","02080205","Northern Outer Piedmont","45f"
"319",1752152.39995096,1813193.30696881,"A41","S1400",153.772411204591,39.7829637478458,90,"woody wetlands","Accomack","Pokomoke-Western Lower Delmarva","02080111","Chesapeake-Pamlico Lowlands and Tidal Marshes","63b"
"320",1578760.4337382,1716927.89428129,"A41","S1500",35.6970425096315,5.14880271567808,41,"deciduous","Nottoway","Appomattox","02080207","Northern Outer Piedmont","45f"
"321",1403182.36491627,1637932.13441517,"A41","S1400",177.128106510205,177.128106510205,71,"grassland","Henry","Upper Dan","03010103","Northern Inner Piedmont","45e"
"322",1253284.52912759,1626036.42858553,"A41","S1500",536.682242040593,9.80113929093016,81,"pasture","Washington","North Fork Holston","06010101","Southern Dissected Ridges and Knobs","67i"
"323",1380721.33647225,1637806.01600503,"A41","S1400",350.85211128314,415.373396187287,41,"deciduous","Patrick","Upper Dan","03010103","Southern Crystalline Ridges and Mountains","66d"
"324",1625107.86749132,1734988.21769617,"A41","S1400",96.5530943749013,96.5530943752599,21,"developed_open","Petersburg","Appomattox","02080207","Rolling Coastal Plain","65m"
"325",1519854.68724847,1845073.33216278,"A41","S1400",565.759852416651,313.056293781205,81,"pasture","Madison","Rapidan-Upper Rappahannock","02080103","Piedmont Uplands","64c"
"326",1523856.42248691,1701698.60584002,"A41","S1400",132.039879567048,132.039879567048,52,"shrub","Charlotte","Middle Roanoke","03010102","Northern Outer Piedmont","45f"
"327",1636952.29805507,1738112.01204254,"A41","S1400",69.1276137039539,52.8332380286934,82,"crops","Prince George","Blackwater","03010202","Rolling Coastal Plain","65m"
"328",1286395.94821355,1647537.09607964,"A74","S1500",291.336956647032,141.20651823312,81,"pasture","Bland","North Fork Holston","06010101","Southern Sandstone Ridges","67h"
"329",1642196.86994226,1714082.98943965,"A41","S1400",702.915711694827,316.237471636462,82,"crops","Sussex","Nottoway","03010201","Rolling Coastal Plain","65m"
"330",1260619.86898599,1663394.87769712,"A41","S1400",925.397400345813,160.466925626624,41,"deciduous","Tazewell","Tug","05070201","Dissected Appalachian Plateau","69d"
"331",1713661.69805425,1785651.10818867,"A41","S1400",17.5564969995376,17.5564969995376,90,"woody wetlands","Mathews","Great Wicomico-Piankatank","02080102","Chesapeake-Pamlico Lowlands and Tidal Marshes","63b"
"332",1496547.51654131,1895387.71628981,"A41","S1400",101.578374467772,96.2318674770418,41,"deciduous","Shenandoah","North Fork Shenandoah","02070006","Northern Shale Valleys","67b"
"333",1384501.52585442,1615903.3230687,"A74","S1400",115.112627864695,236.055801526051,41,"deciduous","Patrick","Upper Dan","03010103","Northern Inner Piedmont","45e"
"334",1669237.24065131,1675930.34559642,"A41","S1400",466.854185286684,466.854185286684,90,"woody wetlands","Southampton","Nottoway","03010201","Mid-Atlantic Flatwoods","63e"
"335",1739900.83520301,1719955.76155955,"A41","S1400",285.032199461146,66.7704014416891,21,"developed_open","Virginia Beach","Lynnhaven-Poquoson","02080108","Chesapeake-Pamlico Lowlands and Tidal Marshes","63b"
"336",1427194.10038462,1835020.8524116,"A41","S1400",301.160563334514,539.618185757739,41,"deciduous","Highland","South Branch Potomac","02070001","Northern Sandstone Ridges","67c"
"337",1518005.7969262,1638515.49067294,"A74","S1740",175.363217381115,87.9307032495938,81,"pasture","Halifax","Lower Dan","03010104","Carolina Slate Belt","45c"
"338",1190029.32689961,1612580.71197442,"A41","S1400",18.3433713343834,18.3433713343834,41,"deciduous","Scott","Upper Clinch, Tennessee, Virginia","06010205","Southern Limestone/Dolomite Valleys and Low Rolling Hills","67f"
"339",1643256.16530483,1679377.94403716,"A21","S1200",266.84616747276,266.668961134702,43,"mixed forest","Southampton","Nottoway","03010201","Rolling Coastal Plain","65m"
"340",1690348.57889229,1774280.54794888,"A41","S1500",290.626686236635,172.24161454669,42,"evergreen","Gloucester","Great Wicomico-Piankatank","02080102","Rolling Coastal Plain","65m"
"341",1348195.2658457,1655394.4106304,"A41","S1400",598.729016632636,653.473253374018,41,"deciduous","Pulaski","Upper New","05050001","Southern Sedimentary Ridges","66e"
"342",1698838.94927713,1771538.94586485,"A41","S1400",90.5172914966879,90.5172914966879,90,"woody wetlands","Gloucester","Great Wicomico-Piankatank","02080102","Chesapeake-Pamlico Lowlands and Tidal Marshes","63b"
"343",1650823.91289695,1830834.59588167,"A41","S1400",1461.35776768907,74.0350366153624,82,"crops","Richmond","Lower Rappahannock","02080104","Rolling Coastal Plain","65m"
"344",1504130.60314934,1855165.60649848,"A74","S1740",160.015368794681,160.015368794681,41,"deciduous","Page","South Fork Shenandoah","02070005","Northern Igneous Ridges","66a"
"345",1344814.4153325,1679744.70423141,"A41","S1400",608.98411400394,197.545960869394,41,"deciduous","Pulaski","Upper New","05050001","Southern Limestone/Dolomite Valleys and Low Rolling Hills","67f"
"346",1487207.26118846,1860945.2315676,"A51","S1500",162.551847880444,884.545664650947,41,"deciduous","Rockingham","North Fork Shenandoah","02070006","Northern Sandstone Ridges","67c"
"347",1748922.72666256,1761947.33164115,"A74","S1740",130.043440131416,66.3260097458706,82,"crops","Northampton","Eastern Lower Delmarva","02040304","Delmarva Uplands","63f"
"348",1482386.23982301,1785555.70164217,"A41","S1400",10.1849018934559,10.0104715240991,21,"developed_open","Nelson","Middle James-Buffalo","02080203","Northern Igneous Ridges","66a"
"349",1515219.57603591,1933100.23080331,"A41","S1400",258.399418316967,169.050034064828,42,"evergreen","Frederick","Conococheague-Opequon","02070004","Northern Limestone/Dolomite Valleys","67a"
"350",1639707.99243742,1743589.27313522,"A41","S1400",10.4490573041035,47.5899292069767,82,"crops","Prince George","Lower James","02080206","Rolling Coastal Plain","65m"
"351",1595715.82136442,1757205.38935001,"A41","S1400",18.707758927525,31.0533184803,21,"developed_open","Chesterfield","Appomattox","02080207","Triassic Basins","45g"
"352",1716745.1690971,1773796.06103118,"A41","S1750",291.097090028822,288.108058149211,90,"woody wetlands","Mathews","Great Wicomico-Piankatank","02080102","Chesapeake-Pamlico Lowlands and Tidal Marshes","63b"
"353",1335268.43497867,1690788.33797317,"A41","S1400",24.4713714171767,24.4713714171767,41,"deciduous","Giles","Middle New","05050002","Southern Limestone/Dolomite Valleys and Low Rolling Hills","67f"
"354",1714281.74009125,1741301.39401678,"A41","S1400",6.96757379451137,70.6975314618298,90,"woody wetlands","Poquoson","Lynnhaven-Poquoson","02080108","Chesapeake-Pamlico Lowlands and Tidal Marshes","63b"
"355",1377209.03753379,1646869.81442475,"A41","S1740",84.1062827013213,74.5171111470582,81,"pasture","Floyd","Upper New","05050001","New River Plateau","66c"
"356",1524176.02943108,1706520.57261087,"A41","S1750",152.599497408052,66.3456578123038,41,"deciduous","Charlotte","Middle Roanoke","03010102","Northern Outer Piedmont","45f"
"357",1725186.46566877,1685527.93592721,"A21","S1400",1233.89552889383,199.875026782711,82,"crops","Chesapeake","Albemarle","03010205","Chesapeake-Pamlico Lowlands and Tidal Marshes","63b"
"358",1572844.98241323,1894989.87788853,"A41","S1400",300.065240113981,172.326657508286,90,"woody wetlands","Prince William","Middle Potomac-Anacostia-Occoquan","02070010","Triassic Lowlands","64a"
"359",1406904.11115056,1810613.81642013,"A21","S1200",231.930540581162,231.930540581162,41,"deciduous","Highland","Upper James","02080201","Northern Sandstone Ridges","67c"
"360",1532939.43407043,1900375.7814503,"A51","S1740",637.266784891033,544.080230977278,81,"pasture","Fauquier","Rapidan-Upper Rappahannock","02080103","Piedmont Uplands","64c"
"361",1620466.73598075,1726913.04325615,"A41","S1400",30.7165180913364,30.7165180913364,22,"developed_light","Dinwiddie","Nottoway","03010201","Rolling Coastal Plain","65m"
"362",1577350.94581615,1660315.61263099,"A41","S1400",199.171482975606,199.171482975606,43,"mixed forest","Mecklenburg","Roanoke Rapids","03010106","Northern Outer Piedmont","45f"
"363",1550306.62797565,1954045.36762187,"A41","S1400",232.499147783336,232.499147783336,41,"deciduous","Loudoun","Middle Potomac-Catoctin","02070008","Northern Sedimentary and Metasedimentary Ridges","66b"
"364",1296537.4018582,1638309.5504199,"A41","S1400",170.72034710202,147.06886276376,81,"pasture","Wythe","Upper New","05050001","Southern Limestone/Dolomite Valleys and Low Rolling Hills","67f"
"365",1477146.94433,1854827.69450814,"A74","S1740",48.5621200729092,48.5621200729092,81,"pasture","Rockingham","North Fork Shenandoah","02070006","Northern Limestone/Dolomite Valleys","67a"
"366",1372078.90519109,1721175.98362347,"A41","S1400",338.903937280086,338.903937280086,41,"deciduous","Craig","Upper James","02080201","Southern Sandstone Ridges","67h"
"367",1428321.41412589,1797695.62393985,"A41","S1400",264.202489854017,658.302836322755,43,"mixed forest","Augusta","Maury","02080202","Northern Sandstone Ridges","67c"
"368",1567324.69407046,1741666.95499677,"A74","S1740",14.0526141012353,209.506439137806,81,"pasture","Amelia","Appomattox","02080207","Northern Outer Piedmont","45f"
"369",1617982.62429345,1737365.67535221,"A41","S1400",41.452413118854,41.452413118854,43,"mixed forest","Chesterfield","Appomattox","02080207","Rolling Coastal Plain","65m"
"370",1332844.28004512,1631806.35213378,"A41","S1400",472.906754933858,189.56775414751,81,"pasture","Carroll","Upper New","05050001","New River Plateau","66c"
"371",1592045.15565486,1833676.71952629,"A41","S1400",11.1765989976705,11.1765989976705,41,"deciduous","Spotsylvania","Mattaponi","02080105","Rolling Coastal Plain","65m"
"372",1636465.42933358,1807130.20434549,"A41","S1500",127.164919267041,49.2820029731896,43,"mixed forest","King and Queen","Mattaponi","02080105","Rolling Coastal Plain","65m"
"373",1318368.23028795,1612463.1160166,"A41","S1400",1.87282312255688,1.87282312255688,21,"developed_open","Grayson","Upper New","05050001","New River Plateau","66c"
"374",1203347.7855729,1634146.38958603,"A41","S1500",854.167228134575,447.998544607821,41,"deciduous","Russell","Upper Clinch, Tennessee, Virginia","06010205","Dissected Appalachian Plateau","69d"
"375",1365718.11084854,1676870.28737561,"A41","S1400",17.7837762522096,17.7837762522096,22,"developed_light","Montgomery","Upper New","05050001","Southern Limestone/Dolomite Valleys and Low Rolling Hills","67f"
"376",1654763.99620835,1744938.89164309,"A41","S1400",240.48800309697,59.9327266460202,90,"woody wetlands","Prince George","Lower James","02080206","Rolling Coastal Plain","65m"
"377",1289331.39235651,1677062.99071705,"A41","S1400",21.5493263439497,21.5493263439497,22,"developed_light","Tazewell","Middle New","05050002","Southern Limestone/Dolomite Valleys and Low Rolling Hills","67f"
"378",1400879.53455625,1755625.8041975,"A41","S1500",51.9303035581616,31.9750305525683,21,"developed_open","Alleghany","Upper James","02080201","Southern Sandstone Ridges","67h"
"379",1389428.98343039,1656631.1636111,"A41","S1400",315.835796154273,315.835796154273,41,"deciduous","Franklin","Upper Dan","03010103","Southern Crystalline Ridges and Mountains","66d"
"380",1636838.35390219,1758899.24442165,"A41","S1400",140.341766714928,140.341766714928,43,"mixed forest","Charles City","Lower James","02080206","Rolling Coastal Plain","65m"
"381",1309503.50467487,1675087.08244739,"A41","S1400",1150.95269656016,721.441161030569,41,"deciduous","Bland","Middle New","05050002","Southern Shale Valleys","67g"
"382",1315460.18469739,1632638.47034899,"A41","S1400",933.859384059822,673.95331452897,43,"mixed forest","Wythe","Upper New","05050001","Southern Sedimentary Ridges","66e"
"383",1535176.0485,1710090.49263052,"A41","S1400",5.1409704605962,5.1409704605962,21,"developed_open","Prince Edward","Appomattox","02080207","Northern Outer Piedmont","45f"
"384",1367087.39857396,1681369.5270309,"A41","S1400",176.912192325117,85.9463927302482,41,"deciduous","Montgomery","Upper Roanoke","03010101","Southern Dissected Ridges and Knobs","67i"
"385",1486254.39877081,1794627.11423305,"A41","S1400",113.143692031229,113.143692031229,43,"mixed forest","Nelson","Middle James-Buffalo","02080203","Piedmont Uplands","64c"
"386",1303539.30821944,1613955.50808328,"A51","S1500",507.450653976152,52.2543953928694,41,"deciduous","Grayson","Upper New","05050001","New River Plateau","66c"
"387",1510742.48707358,1759225.72481016,"A41","S1500",613.825692391826,25.9407943465156,41,"deciduous","Buckingham","Middle James-Buffalo","02080203","Northern Inner Piedmont","45e"
"388",1543031.57110451,1674790.39393507,"A51","S1400",475.752398750332,224.157667744969,52,"shrub","Mecklenburg","Meherrin","03010204","Carolina Slate Belt","45c"
"389",1474985.12570664,1694825.79928249,"A41","S1740",372.81582366992,372.81582366992,52,"shrub","Campbell","Middle Roanoke","03010102","Northern Inner Piedmont","45e"
"390",1635136.85564705,1742014.3739476,"A41","S1400",105.923267134293,105.923267134293,71,"grassland","Prince George","Lower James","02080206","Rolling Coastal Plain","65m"
"391",1151508.7449206,1605175.42733285,"A21","S1200",82.7197821516173,82.7197821516173,43,"mixed forest","Lee","Powell","06010206","Southern Limestone/Dolomite Valleys and Low Rolling Hills","67f"
"392",1517454.28792656,1724527.0373758,"A51","S1500",384.885990615133,243.590160853108,42,"evergreen","Prince Edward","Appomattox","02080207","Northern Inner Piedmont","45e"
"393",1564159.19571213,1718196.38991449,"A41","S1400",73.991241210588,73.991241210588,41,"deciduous","Nottoway","Appomattox","02080207","Northern Outer Piedmont","45f"
"394",1571421.0448616,1900902.18596557,"A41","S1500",53.8780881350328,64.156925935859,81,"pasture","Prince William","Middle Potomac-Anacostia-Occoquan","02070010","Trap Rock and Conglomerate Uplands","64b"
"395",1169812.94740562,1599079.42168224,"A41","S1500",131.21084578401,129.523667021917,41,"deciduous","Scott","Upper Clinch, Tennessee, Virginia","06010205","Southern Limestone/Dolomite Valleys and Low Rolling Hills","67f"
"396",1463077.65631528,1771323.50699999,"A41","S1400",834.522259999489,834.522259999489,41,"deciduous","Amherst","Middle James-Buffalo","02080203","Northern Igneous Ridges","66a"
"397",1559922.34147507,1906367.79076822,"A15","S1500",803.694380622411,733.186294482624,43,"mixed forest","Fauquier","Middle Potomac-Anacostia-Occoquan","02070010","Piedmont Uplands","64c"
"398",1450672.73177837,1872621.45786544,"A41","S1500",216.796507923027,252.507561872621,41,"deciduous","Rockingham","North Fork Shenandoah","02070006","Northern Dissected Ridges and Knobs","67d"
"399",1540360.72861888,1662471.94987803,"A41","S1400",39.1278875829605,39.1278875829605,81,"pasture","Mecklenburg","Middle Roanoke","03010102","Carolina Slate Belt","45c"
"400",1532358.52911378,1646164.80829325,"A41","S1400",253.786319435687,253.786319435687,81,"pasture","Mecklenburg","Middle Roanoke","03010102","Carolina Slate Belt","45c"
"401",1697574.54954098,1826544.13457447,"A41","S1400",130.859490021953,73.0324461198429,82,"crops","Northumberland","Lower Potomac","02070011","Rolling Coastal Plain","65m"
"402",1478500.93875792,1781861.83740644,"A41","S1400",1.75743866151125,1.75743866151125,81,"pasture","Nelson","Middle James-Buffalo","02080203","Northern Igneous Ridges","66a"
"403",1406978.91691686,1648382.92916797,"A41","S1400",235.349323781057,235.349323781057,43,"mixed forest","Henry","Upper Dan","03010103","Northern Inner Piedmont","45e"
"404",1207085.81980664,1656517.19614985,"A74","S1740",38.304360868551,12.0371506685789,41,"deciduous","Dickenson","Upper Levisa","05070202","Dissected Appalachian Plateau","69d"
"405",1519813.59260384,1690490.20423298,"A41","S1400",464.702947398409,158.628561037306,42,"evergreen","Charlotte","Middle Roanoke","03010102","Northern Outer Piedmont","45f"
"406",1661878.21833073,1727640.86249929,"A41","S1400",9.08129687377829,9.08129687377829,22,"developed_light","Surry","Blackwater","03010202","Rolling Coastal Plain","65m"
"407",1468218.49346006,1839854.9368274,"A41","S1500",105.264623540388,304.148123342087,81,"pasture","Rockingham","South Fork Shenandoah","02070005","Northern Limestone/Dolomite Valleys","67a"
"408",1621806.68669325,1849259.45729186,"A41","S1640",324.864910344631,99.8436176040085,41,"deciduous","King George","Lower Rappahannock","02080104","Rolling Coastal Plain","65m"
"409",1463271.06036845,1686258.75987586,"A41","S1400",94.2645839071264,94.2645839071264,81,"pasture","Pittsylvania","Upper Roanoke","03010101","Northern Inner Piedmont","45e"
"410",1415050.85201675,1829352.67468422,"A41","S1400",245.894841204105,245.894841204105,41,"deciduous","Highland","Upper James","02080201","Northern Sandstone Ridges","67c"
"411",1405131.13069415,1729974.11121003,"A41","S1740",16.5675132811321,16.5675132811321,21,"developed_open","Botetourt","Upper James","02080201","Southern Limestone/Dolomite Valleys and Low Rolling Hills","67f"
"412",1524376.46611843,1899381.43418309,"A41","S1400",36.1910437736908,36.1910437736908,41,"deciduous","Warren","South Fork Shenandoah","02070005","Northern Igneous Ridges","66a"
"413",1572983.97633527,1690602.60368641,"A74","S1740",29.3583254281268,29.3583254281268,81,"pasture","Lunenburg","Meherrin","03010204","Northern Outer Piedmont","45f"
"414",1364561.19427447,1627987.64883128,"A41","S1400",0.320873395512608,0.320873395512608,21,"developed_open","Carroll","Upper New","05050001","New River Plateau","66c"
"415",1604803.59223428,1727109.06583029,"A41","S1400",117.962374266496,117.962374266496,43,"mixed forest","Dinwiddie","Appomattox","02080207","Northern Outer Piedmont","45f"
"416",1524687.38215642,1888353.56917872,"A41","S1400",21.9369130437423,21.9369130437423,21,"developed_open","Rappahannock","Rapidan-Upper Rappahannock","02080103","Piedmont Uplands","64c"
"417",1425126.87053605,1776089.71815722,"A41","S1500",1391.49710536463,269.372403947851,41,"deciduous","Rockbridge","Maury","02080202","Northern Sandstone Ridges","67c"
"418",1474914.68392573,1823852.59766677,"A41","S1400",42.0095027372882,42.0095027372882,81,"pasture","Augusta","South Fork Shenandoah","02070005","Northern Shale Valleys","67b"
"419",1233890.26230122,1653032.76399959,"A74","S1400",123.816937254602,95.0720625784001,41,"deciduous","Russell","Upper Clinch, Tennessee, Virginia","06010205","Dissected Appalachian Plateau","69d"
"420",1544102.45249147,1796195.18538595,"A41","S1400",71.0677389640402,71.0677389640402,71,"grassland","Fluvanna","Middle James-Willis","02080205","Northern Inner Piedmont","45e"
"421",1723574.20517526,1684045.96826758,"A21","S1400",2851.13090773159,759.829126843284,82,"crops","Chesapeake","Albemarle","03010205","Swamps and Peatlands","63c"
"422",1617677.24948985,1702537.16578233,"A41","S1400",94.4451568271726,5.38147260004904,82,"crops","Dinwiddie","Nottoway","03010201","Rolling Coastal Plain","65m"
"423",1718266.25173567,1705178.21037018,"A41","S1400",169.633257390521,68.3654458386329,52,"shrub","Chesapeake","Hampton Roads","02080208","Chesapeake-Pamlico Lowlands and Tidal Marshes","63b"
"424",1596025.65893781,1849510.48727518,"A41","S1400",163.118182679757,86.152402356592,22,"developed_light","Spotsylvania","Lower Rappahannock","02080104","Rolling Coastal Plain","65m"
"425",1605783.29756237,1917338.15619381,"A41","S1400",33.1920120140475,33.1920120140475,21,"developed_open","Fairfax","Middle Potomac-Anacostia-Occoquan","02070010","Piedmont Uplands","64c"
"426",1677082.38240132,1735461.7395395,"A31","S1200",105.394946657294,105.394946657294,43,"mixed forest","Surry","Lower James","02080206","Mid-Atlantic Flatwoods","63e"
"427",1414566.97899397,1758170.12623392,"A41","S1740",715.667402176053,805.378772656006,41,"deciduous","Botetourt","Upper James","02080201","Northern Shale Valleys","67b"
"428",1509095.2325672,1851801.63580651,"A41","S1400",939.611485544,939.611485544,41,"deciduous","Greene","Rapidan-Upper Rappahannock","02080103","Northern Igneous Ridges","66a"
"429",1444845.67993535,1640019.54447444,"A74","S1400",26.8844247522573,16.2818756856467,21,"developed_open","Pittsylvania","Upper Dan","03010103","Northern Inner Piedmont","45e"
"430",1700065.00890276,1809865.80092058,"A41","S1400",122.217965241051,114.991896218931,43,"mixed forest","Lancaster","Lower Rappahannock","02080104","Rolling Coastal Plain","65m"
"431",1268458.5783192,1632703.61232108,"A41","S1740",111.158550738928,55.9717165493779,41,"deciduous","Smyth","South Fork Holston","06010102","Southern Dissected Ridges and Knobs","67i"
"432",1413584.76797053,1837551.9136701,"A74","S1500",421.772234781764,492.551398628232,41,"deciduous","Highland","South Branch Potomac","02070001","Northern Sandstone Ridges","67c"
"433",1402280.85063933,1724454.05581838,"A41","S1500",167.05769072325,18.1091191052156,81,"pasture","Botetourt","Upper James","02080201","Southern Limestone/Dolomite Valleys and Low Rolling Hills","67f"
"434",1760890.88168974,1806295.75757652,"A41","S1400",218.740488098556,218.740488098556,95,"emergent wetlands","Accomack","Eastern Lower Delmarva","02040304","Virginian Barrier Islands and Coastal Marshes","63d"
"435",1657104.11695157,1733331.11012492,"A41","S1400",338.907458284205,338.907458284205,82,"crops","Surry","Lower James","02080206","Rolling Coastal Plain","65m"
"436",1416746.77670805,1688787.7542026,"A41","S1400",31.4618249994563,89.3856795189795,81,"pasture","Franklin","Upper Roanoke","03010101","Northern Inner Piedmont","45e"
"437",1380904.09205494,1715237.65772411,"A41","S1400",1546.61291493473,556.13382799815,41,"deciduous","Craig","Upper James","02080201","Southern Sandstone Ridges","67h"
"438",1527388.20808061,1804941.4199813,"A63","S1100",0.370880354469682,23.3549490753835,21,"developed_open","Albemarle","Rivanna","02080204","Northern Inner Piedmont","45e"
"439",1332118.50145253,1631055.2379154,"A41","S1400",179.703770298641,179.703770298641,43,"mixed forest","Carroll","Upper New","05050001","New River Plateau","66c"
"440",1477977.88652855,1737306.32717761,"A41","S1400",219.095289580851,143.782123291238,41,"deciduous","Amherst","Middle James-Buffalo","02080203","Northern Inner Piedmont","45e"
"441",1549133.63207401,1651777.75846057,"A41","S1400",270.019121712864,270.019121712864,41,"deciduous","Mecklenburg","Middle Roanoke","03010102","Carolina Slate Belt","45c"
"442",1683793.35950655,1672026.38628169,"A41","S1400",134.618130974619,69.9606171644438,42,"evergreen","Suffolk","Blackwater","03010202","Mid-Atlantic Flatwoods","63e"
"443",1468452.95770577,1787343.30704697,"A51","S1500",708.206989761358,456.74429583093,43,"mixed forest","Augusta","South Fork Shenandoah","02070005","Northern Sedimentary and Metasedimentary Ridges","66b"
"444",1589369.7125911,1695142.65982192,"A51","S1500",76.7250018719998,76.7250018719998,43,"mixed forest","Brunswick","Nottoway","03010201","Northern Outer Piedmont","45f"
"445",1534975.74749835,1897143.42940122,"A41","S1400",221.944214711194,115.451361266155,41,"deciduous","Rappahannock","Rapidan-Upper Rappahannock","02080103","Piedmont Uplands","64c"
"446",1398745.10272913,1802989.97041929,"A41","S1400",865.773136346792,926.000833203724,41,"deciduous","Bath","Upper James","02080201","Northern Dissected Ridges and Knobs","67d"
"447",1511246.75197608,1750829.51141068,"A74","S1500",514.771287252491,149.184303073113,52,"shrub","Buckingham","Middle James-Buffalo","02080203","Northern Inner Piedmont","45e"
"448",1370699.28428894,1724046.4413934,"A71","S1500",521.381193669771,348.070679931259,41,"deciduous","Craig","Upper James","02080201","Southern Sandstone Ridges","67h"
"449",1234934.14060003,1630600.37971178,"A31","S1200",123.755290909177,123.755290909014,41,"deciduous","Russell","Upper Clinch, Tennessee, Virginia","06010205","Southern Limestone/Dolomite Valleys and Low Rolling Hills","67f"
"450",1497502.85036549,1664581.37257454,"A74","S1740",33.5455879346882,33.5455879346882,21,"developed_open","Halifax","Banister","03010105","Northern Inner Piedmont","45e"
"451",1348788.39378215,1696159.14713438,"A41","S1400",678.200974623148,104.449053124393,41,"deciduous","Giles","Middle New","05050002","Southern Limestone/Dolomite Valleys and Low Rolling Hills","67f"
"452",1556683.27697244,1934600.48387147,"A41","S1400",40.535184077939,40.535184077939,81,"pasture","Loudoun","Middle Potomac-Catoctin","02070008","Piedmont Uplands","64c"
"453",1516313.06093062,1862273.30251375,"A41","S1400",317.764883996771,317.764883996771,41,"deciduous","Madison","Rapidan-Upper Rappahannock","02080103","Northern Igneous Ridges","66a"
"454",1603375.61660422,1655531.24002486,"A51","S1500",203.768987940698,203.768987940698,42,"evergreen","Brunswick","Meherrin","03010204","Northern Outer Piedmont","45f"
"455",1326044.1433894,1640090.33985926,"A41","S1400",15.2987150741044,17.2751073470317,21,"developed_open","Wythe","Upper New","05050001","Southern Shale Valleys","67g"
"456",1326302.51460733,1652511.51088773,"A41","S1400",246.882847497591,5.58020907231389,41,"deciduous","Wythe","Upper New","05050001","Southern Sandstone Ridges","67h"
"457",1606337.45218835,1884184.05110269,"A41","S1400",250.021246777372,250.021246777372,41,"deciduous","Prince William","Lower Potomac","02070011","Rolling Coastal Plain","65m"
"458",1529109.04440616,1657153.32028531,"A21","S1200",31.9080869426919,31.9080869431364,41,"deciduous","Mecklenburg","Middle Roanoke","03010102","Carolina Slate Belt","45c"
"459",1515674.00264814,1839889.42655627,"A41","S1400",312.495478400508,312.495478400508,11,"water","Greene","Rapidan-Upper Rappahannock","02080103","Piedmont Uplands","64c"
"460",1430886.68839764,1628172.48127987,"A41","S1400",199.490482867799,199.490482867799,43,"mixed forest","Henry","Upper Dan","03010103","Northern Inner Piedmont","45e"
"461",1513167.09445609,1774458.24119321,"A41","S1500",581.141738080159,527.036800569862,43,"mixed forest","Buckingham","Middle James-Buffalo","02080203","Northern Inner Piedmont","45e"
"462",1409903.10682044,1661578.00093774,"A41","S1400",375.384228908996,249.436445041208,41,"deciduous","Franklin","Upper Roanoke","03010101","Northern Inner Piedmont","45e"
"463",1536996.39975886,1832186.79494618,"A41","S1400",35.7849186133221,35.7849186133221,81,"pasture","Orange","Rapidan-Upper Rappahannock","02080103","Piedmont Uplands","64c"
"464",1445151.52155656,1813765.03588467,"A41","S1400",365.662572119829,361.843845139225,71,"grassland","Augusta","South Fork Shenandoah","02070005","Northern Shale Valleys","67b"
"465",1501543.10826152,1954996.43999694,"A41","S1400",221.768795970937,221.768795970937,81,"pasture","Frederick","Conococheague-Opequon","02070004","Northern Shale Valleys","67b"
"466",1626697.19791704,1665176.44084066,"A51","S1500",211.456867371774,114.189108401451,90,"woody wetlands","Greensville","Meherrin","03010204","Rolling Coastal Plain","65m"
"467",1575287.88222084,1786874.71627467,"A74","S1400",166.438970155317,189.234937264424,41,"deciduous","Louisa","Pamunkey","02080106","Northern Outer Piedmont","45f"
"468",1702363.43396755,1745922.12646371,"A41","S1400",107.544005123284,133.453485993199,90,"woody wetlands","York","Lower James","02080206","Mid-Atlantic Flatwoods","63e"
"469",1635435.84914049,1711053.40714433,"A41","S1500",757.98388205424,61.6138818600654,42,"evergreen","Sussex","Nottoway","03010201","Rolling Coastal Plain","65m"
"470",1646655.09891811,1826862.75940627,"A41","S1400",788.286310730619,237.610433128687,42,"evergreen","Essex","Lower Rappahannock","02080104","Rolling Coastal Plain","65m"
"471",1503997.04726871,1686109.62199668,"A41","S1400",0.0355465958100392,101.713742478672,43,"mixed forest","Charlotte","Middle Roanoke","03010102","Northern Inner Piedmont","45e"
"472",1586570.6048244,1916092.42702857,"A41","S1400",165.881639447692,145.841579972734,23,"developed_med","Fairfax","Middle Potomac-Anacostia-Occoquan","02070010","Triassic Lowlands","64a"
"473",1564060.62959908,1820648.45932246,"A41","S1400",61.8164295825926,126.353990716742,71,"grassland","Louisa","Pamunkey","02080106","Northern Inner Piedmont","45e"
"474",1642774.10664975,1834660.55390866,"A74","S1400",1146.91973069429,826.801155602729,43,"mixed forest","Essex","Lower Rappahannock","02080104","Rolling Coastal Plain","65m"
"475",1564709.3382212,1765524.07143759,"A41","S1500",702.798315163571,238.44219151508,42,"evergreen","Powhatan","Middle James-Willis","02080205","Northern Outer Piedmont","45f"
"476",1670331.6978786,1700304.06956638,"A41","S1400",38.228727321956,38.228727321956,42,"evergreen","Southampton","Blackwater","03010202","Mid-Atlantic Flatwoods","63e"
"477",1510241.00658544,1718348.33957226,"A41","S1750",3.78985759894318,3.78985759894318,81,"pasture","Appomattox","Middle Roanoke","03010102","Northern Inner Piedmont","45e"
"478",1474022.56772079,1651720.74165287,"A74","S1500",167.503495035846,152.036077850765,41,"deciduous","Pittsylvania","Banister","03010105","Northern Inner Piedmont","45e"
"479",1505427.62982774,1778347.79723229,"A41","S1400",280.195358002801,31.665858117183,81,"pasture","Albemarle","Middle James-Buffalo","02080203","Northern Inner Piedmont","45e"
"480",1570371.64916729,1724474.91797221,"A74","S1740",227.444465905492,104.232501719017,81,"pasture","Nottoway","Appomattox","02080207","Northern Outer Piedmont","45f"
"481",1400523.66475011,1788828.56735058,"A41","S1400",15.252977719151,15.252977719151,21,"developed_open","Bath","Upper James","02080201","Northern Sandstone Ridges","67c"
"482",1624514.76812887,1779741.79211264,"A41","S1400",0.602171257785544,0.602171258311438,21,"developed_open","Hanover","Lower James","02080206","Rolling Coastal Plain","65m"
"483",1422657.00960324,1663822.87322903,"A41","S1400",6.80446888611293,6.80446888611293,21,"developed_open","Franklin","Upper Roanoke","03010101","Northern Inner Piedmont","45e"
"484",1765304.42320716,1828204.84940763,"A41","S1400",11.9797455250177,11.9797455250177,22,"developed_light","Accomack","Eastern Lower Delmarva","02040304","Delmarva Uplands","63f"
"485",1469553.00351866,1802292.31057544,"A41","S1400",26.1449559288921,7.06511332957986,22,"developed_light","Augusta","South Fork Shenandoah","02070005","Northern Limestone/Dolomite Valleys","67a"
"486",1381242.80880404,1675020.47092738,"A41","S1400",192.406699862659,192.406699862659,43,"mixed forest","Floyd","Upper Roanoke","03010101","New River Plateau","66c"
"487",1538698.05002771,1668394.72719087,"A41","S1400",233.28335569175,146.014509881759,81,"pasture","Mecklenburg","Middle Roanoke","03010102","Carolina Slate Belt","45c"
"488",1468428.72645941,1709239.58500102,"A74","S1400",253.890639155806,377.346537761978,42,"evergreen","Campbell","Upper Roanoke","03010101","Northern Inner Piedmont","45e"
"489",1574093.3372739,1648934.85040369,"A51","S1500",301.84225393913,301.84225393913,43,"mixed forest","Mecklenburg","Roanoke Rapids","03010106","Northern Outer Piedmont","45f"
"490",1602734.83065574,1784062.00418789,"A41","S1400",544.457509785409,133.446380460327,90,"woody wetlands","Henrico","Lower James","02080206","Northern Outer Piedmont","45f"
"491",1551970.08263681,1690191.89281125,"A41","S1200",318.666395198616,474.207312700089,42,"evergreen","Lunenburg","Meherrin","03010204","Carolina Slate Belt","45c"
"492",1205534.42080153,1646164.4242543,"A41","S1400",530.935872599682,166.786682256479,41,"deciduous","Dickenson","Upper Levisa","05070202","Dissected Appalachian Plateau","69d"
"493",1441094.67620551,1654613.4503602,"A41","S1500",397.218276707069,207.309472905833,42,"evergreen","Pittsylvania","Upper Roanoke","03010101","Northern Inner Piedmont","45e"
"494",1488282.61269282,1833821.19231226,"A74","S1500",378.408901112542,107.061597755994,81,"pasture","Rockingham","South Fork Shenandoah","02070005","Northern Limestone/Dolomite Valleys","67a"
"495",1411382.21048973,1684804.21787888,"A41","S1400",26.3476712362103,26.3476712362103,41,"deciduous","Franklin","Upper Roanoke","03010101","Northern Inner Piedmont","45e"
"496",1627598.44425144,1867674.76645909,"A41","S1400",77.6608005600712,77.6608005600712,43,"mixed forest","King George","Lower Potomac","02070011","Rolling Coastal Plain","65m"
"497",1537876.94561428,1699040.62714893,"A41","S1750",210.783408759214,130.173849508227,42,"evergreen","Lunenburg","Meherrin","03010204","Carolina Slate Belt","45c"
"498",1614890.24387573,1692851.74868329,"A41","S1400",343.734819514128,106.736758110823,71,"grassland","Greensville","Nottoway","03010201","Northern Outer Piedmont","45f"
"499",1525528.52935688,1888226.40555104,"A74","S1740",38.3142841463121,38.3142841463121,81,"pasture","Rappahannock","Rapidan-Upper Rappahannock","02080103","Piedmont Uplands","64c"
"500",1174168.14815175,1602193.30978376,"A41","S1400",312.019210338201,312.019210338201,42,"evergreen","Scott","Upper Clinch, Tennessee, Virginia","06010205","Southern Limestone/Dolomite Valleys and Low Rolling Hills","67f"
